date,day_tag,hour,condition,temp_c,humidity_pct,heat_index_c,rain_probability,wind_kmh,risk_score,risk_label,risk_class
2026-10-04,Hari ini,00:00,Berawan dipantau,,,,0.0,,0,Aman,safe
2026-10-04,Hari ini,01:00,Berawan dipantau,,,,0.0,,0,Aman,safe
2026-10-04,Hari ini,02:00,Hujan lokal,,,,50.0,,45.0,Perlu diperhatikan,watch
2026-10-04,Hari ini,03:00,Hujan lokal,,,,50.0,,45.0,Perlu diperhatikan,watch
2026-10-04,Hari ini,04:00,Hujan lokal,,,,50.0,,45.0,Perlu diperhatikan,watch
2026-10-04,Hari ini,05:00,Berawan dipantau,,,,0.0,,0,Aman,safe
2026-10-04,Hari ini,06:00,Berawan dipantau,,,,0.0,,0,Aman,safe
2026-10-04,Hari ini,07:00,Berawan dipantau,,,,0.0,,0,Aman,safe
2026-10-04,Hari ini,08:00,Berawan dipantau,28.0,49.0,28.36,32.8,7.8,24.3,Aman,safe
2026-10-04,Hari ini,09:00,Hujan lokal,27.9,56.1,28.9,38.5,10.44,36.5,Perlu diperhatikan,watch
2026-10-04,Hari ini,10:00,Hujan lokal,27.9,56.1,28.9,39.1,10.44,36.9,Perlu diperhatikan,watch
2026-10-04,Hari ini,11:00,Awan tumbuh,28.0,49.0,28.36,34.8,7.8,25.8,Aman,safe
2026-10-04,Hari ini,12:00,Hujan lokal,29.4,50.5,30.26,44.1,7.56,40.6,Perlu diperhatikan,watch
2026-10-04,Hari ini,13:00,Hujan kuat,29.1,52.4,30.1,47.6,8.64,50.2,Perlu diperhatikan,watch
2026-10-04,Hari ini,14:00,"Awan tumbuh, potensi hujan",25.0,70.0,25.0,47.8,3.4,43.4,Perlu diperhatikan,watch
2026-10-04,Hari ini,15:00,Hujan lokal,26.1,74.3,26.1,53.6,8.64,47.7,Perlu diperhatikan,watch
2026-10-04,Hari ini,16:00,Hujan lokal,26.3,74.6,26.3,95.5,10.44,78.7,Berpotensi signifikan,danger
2026-10-04,Hari ini,17:00,Hujan lokal,22.0,82.0,22.0,90.5,3.2,75.0,Berpotensi signifikan,danger
2026-10-04,Hari ini,18:00,Hujan lokal,23.3,86.8,23.3,84.5,6.48,71.7,Waspada,rain
2026-10-04,Hari ini,19:00,Hujan lokal,22.9,92.0,22.9,42.6,6.84,42.9,Perlu diperhatikan,watch
2026-10-04,Hari ini,20:00,Lembap malam,21.0,90.0,21.0,4.5,3.0,5.8,Aman,safe
2026-10-04,Hari ini,21:00,Hujan lokal kuat,22.1,95.3,22.1,100.0,5.4,93.7,Berpotensi signifikan,danger
2026-10-04,Hari ini,22:00,Hujan lokal,21.0,98.1,21.0,50.0,5.04,50.9,Perlu diperhatikan,watch
2026-10-04,Hari ini,23:00,Hujan lokal kuat,20.0,93.0,20.0,100.0,1.4,92.8,Berpotensi signifikan,danger
2026-10-05,Besok,00:00,Lembap pagi,20.1,98.4,20.1,0.0,5.4,6.0,Aman,safe
2026-10-05,Besok,01:00,Lembap pagi,19.7,98.5,19.7,0.0,6.12,6.1,Aman,safe
2026-10-05,Besok,02:00,Hujan lokal,19.0,94.0,19.0,50.0,1.4,49.2,Perlu diperhatikan,watch
2026-10-05,Besok,03:00,Hujan lokal,18.8,100.0,18.8,50.0,8.28,51.7,Perlu diperhatikan,watch
2026-10-05,Besok,04:00,Hujan lokal,18.7,99.6,18.7,50.0,7.56,51.6,Perlu diperhatikan,watch
2026-10-05,Besok,05:00,Lembap pagi,18.0,94.0,18.0,0.0,2.9,4.2,Aman,safe
2026-10-05,Besok,06:00,Lembap pagi,18.3,99.4,18.3,0.0,7.92,6.5,Aman,safe
2026-10-05,Besok,07:00,Lembap pagi,20.2,97.1,20.2,0.0,6.12,5.5,Aman,safe
2026-10-05,Besok,08:00,Cerah,26.0,58.0,26.0,0.0,4.0,0,Aman,safe
2026-10-05,Besok,09:00,Cerah berawan,26.6,59.2,26.6,0.0,5.04,0,Aman,safe
2026-10-05,Besok,10:00,Hujan lokal,28.5,53.1,29.37,50.0,6.12,45.0,Perlu diperhatikan,watch
2026-10-05,Besok,11:00,Cerah berawan,30.0,46.0,30.45,2.0,7.0,1.5,Aman,safe
2026-10-05,Besok,12:00,Hujan kuat,30.4,50.2,31.69,44.6,9.72,50.8,Perlu diperhatikan,watch
2026-10-05,Besok,13:00,Hujan kuat,26.3,69.9,26.3,85.0,9.72,77.9,Berpotensi signifikan,danger
2026-10-05,Besok,14:00,Hujan lokal,22.0,88.0,22.0,90.0,4.0,76.3,Berpotensi signifikan,danger
2026-10-05,Besok,15:00,Hujan kuat,21.4,97.5,21.4,91.0,9.36,88.0,Berpotensi signifikan,danger
2026-10-05,Besok,16:00,Hujan kuat,21.0,97.0,21.0,57.6,9.0,63.1,Waspada,rain
2026-10-05,Besok,17:00,"Awan tumbuh, potensi hujan",21.0,92.0,21.0,48.3,3.3,47.1,Perlu diperhatikan,watch
2026-10-05,Besok,18:00,Berawan sore,21.6,96.7,21.6,10.0,5.76,12.7,Aman,safe
2026-10-05,Besok,19:00,Berawan dipantau,21.6,96.6,21.6,4.5,5.04,8.6,Aman,safe
2026-10-05,Besok,20:00,Lembap malam,19.0,98.0,19.0,4.0,1.4,8.8,Aman,safe
2026-10-05,Besok,21:00,Hujan lokal kuat,21.0,95.0,21.0,100.0,3.24,93.6,Berpotensi signifikan,danger
2026-10-05,Besok,22:00,Hujan lokal,21.0,93.5,21.0,50.0,3.96,49.0,Perlu diperhatikan,watch
2026-10-05,Besok,23:00,Hujan lokal,18.0,97.0,18.0,50.0,1.5,50.5,Perlu diperhatikan,watch
2026-10-06,Lusa,00:00,Lembap pagi,20.2,98.0,20.2,0.0,5.4,5.9,Aman,safe
2026-10-06,Lusa,01:00,Lembap pagi,19.6,98.3,19.6,0.0,5.4,6.0,Aman,safe
2026-10-06,Lusa,02:00,Hujan lokal,17.0,97.0,17.0,50.0,1.9,50.5,Perlu diperhatikan,watch
2026-10-06,Lusa,03:00,Hujan lokal,18.3,98.8,18.3,50.0,7.2,51.2,Perlu diperhatikan,watch
2026-10-06,Lusa,04:00,Hujan lokal,17.8,99.2,17.8,50.0,8.28,51.4,Perlu diperhatikan,watch
2026-10-06,Lusa,05:00,Lembap pagi,16.0,98.0,16.0,0.0,1.7,5.9,Aman,safe
2026-10-06,Lusa,06:00,Lembap pagi,17.3,98.0,17.3,0.0,7.2,5.9,Aman,safe
2026-10-06,Lusa,07:00,Lembap pagi,19.6,96.1,19.6,0.0,6.12,5.1,Aman,safe
2026-10-06,Lusa,08:00,Berawan dipantau,25.0,55.0,25.0,0.0,1.7,0,Aman,safe
2026-10-06,Lusa,09:00,Cerah berawan,25.7,58.3,25.7,0.0,4.68,0,Aman,safe
2026-10-06,Lusa,10:00,Hujan lokal,28.0,49.0,28.36,50.0,4.68,45.0,Perlu diperhatikan,watch
2026-10-06,Lusa,11:00,Cerah berawan,30.0,37.0,30.0,2.0,3.9,1.5,Aman,safe
2026-10-06,Lusa,12:00,Cerah berawan,30.6,43.7,30.93,5.0,7.56,3.7,Aman,safe
2026-10-06,Lusa,13:00,Cerah berawan,30.9,42.3,31.12,7.0,9.0,5.7,Aman,safe
2026-10-06,Lusa,14:00,Cerah berawan,31.0,36.0,31.0,5.0,3.9,3.7,Aman,safe
2026-10-06,Lusa,15:00,Hujan lokal,30.1,45.5,30.52,47.1,8.28,42.9,Perlu diperhatikan,watch
2026-10-06,Lusa,16:00,Hujan lokal,28.7,52.8,29.6,50.1,8.28,45.1,Perlu diperhatikan,watch
2026-10-06,Lusa,17:00,"Awan tumbuh, potensi hujan",24.0,71.0,24.0,46.3,6.0,42.3,Perlu diperhatikan,watch
2026-10-06,Lusa,18:00,Berawan sore,24.1,81.7,24.1,8.0,7.56,5.9,Aman,safe
2026-10-06,Lusa,19:00,Berawan dipantau,22.9,88.3,22.9,4.0,5.04,4.8,Aman,safe
2026-10-06,Lusa,20:00,Lembap malam,21.0,88.0,21.0,4.5,6.0,5.0,Aman,safe
2026-10-06,Lusa,21:00,Hujan lokal kuat,21.6,95.2,21.6,100.0,5.4,93.7,Berpotensi signifikan,danger
2026-10-06,Lusa,22:00,Hujan lokal,21.4,97.0,21.4,50.0,6.84,50.5,Perlu diperhatikan,watch
2026-10-06,Lusa,23:00,Hujan lokal,19.0,94.0,19.0,50.0,2.0,49.2,Perlu diperhatikan,watch
