location_slug,location_name,target_date,adm4,bmkg_point_name,area_level,is_proxy_bmkg,latitude,longitude,timezone,location_note,tanggal,source_id,provider,target_jam,source_datetime,suhu_C,RH_%,rain_mm,wind_kmh,gap_minutes,point_weight,kategori,raw_condition
dago,"Dago, Bandung",2026-08-09,32.73.02.1004,Dago,kelurahan,no,-6.889,107.61,Asia/Jakarta,"BMKG point: Dago, Coblong, Kota Bandung",09-08-2026,BMKG,BMKG,13:00,2026-08-09 16:00:00,25.0,52.0,0.0,8.7,180.0,0.9414,Cerah,Cerah
dago,"Dago, Bandung",2026-08-09,32.73.02.1004,Dago,kelurahan,no,-6.889,107.61,Asia/Jakarta,"BMKG point: Dago, Coblong, Kota Bandung",09-08-2026,BMKG,BMKG,14:00,2026-08-09 16:00:00,25.0,52.0,0.0,8.7,120.0,0.9414,Cerah,Cerah
dago,"Dago, Bandung",2026-08-09,32.73.02.1004,Dago,kelurahan,no,-6.889,107.61,Asia/Jakarta,"BMKG point: Dago, Coblong, Kota Bandung",09-08-2026,BMKG,BMKG,15:00,2026-08-09 16:00:00,25.0,52.0,0.0,8.7,60.0,1.2838,Cerah,Cerah
dago,"Dago, Bandung",2026-08-09,32.73.02.1004,Dago,kelurahan,no,-6.889,107.61,Asia/Jakarta,"BMKG point: Dago, Coblong, Kota Bandung",09-08-2026,BMKG,BMKG,16:00,2026-08-09 16:00:00,25.0,52.0,0.0,8.7,0.0,1.7117,Cerah,Cerah
dago,"Dago, Bandung",2026-08-09,32.73.02.1004,Dago,kelurahan,no,-6.889,107.61,Asia/Jakarta,"BMKG point: Dago, Coblong, Kota Bandung",09-08-2026,BMKG,BMKG,17:00,2026-08-09 16:00:00,25.0,52.0,0.0,8.7,60.0,1.2838,Cerah,Cerah
dago,"Dago, Bandung",2026-08-09,32.73.02.1004,Dago,kelurahan,no,-6.889,107.61,Asia/Jakarta,"BMKG point: Dago, Coblong, Kota Bandung",09-08-2026,BMKG,BMKG,18:00,2026-08-09 19:00:00,20.0,70.0,0.0,3.6,60.0,1.2838,Cerah Berawan,Cerah Berawan
dago,"Dago, Bandung",2026-08-09,32.73.02.1004,Dago,kelurahan,no,-6.889,107.61,Asia/Jakarta,"BMKG point: Dago, Coblong, Kota Bandung",09-08-2026,BMKG,BMKG,19:00,2026-08-09 19:00:00,20.0,70.0,0.0,3.6,0.0,1.7117,Cerah Berawan,Cerah Berawan
dago,"Dago, Bandung",2026-08-09,32.73.02.1004,Dago,kelurahan,no,-6.889,107.61,Asia/Jakarta,"BMKG point: Dago, Coblong, Kota Bandung",09-08-2026,BMKG,BMKG,20:00,2026-08-09 19:00:00,20.0,70.0,0.0,3.6,60.0,1.2838,Cerah Berawan,Cerah Berawan
dago,"Dago, Bandung",2026-08-09,32.73.02.1004,Dago,kelurahan,no,-6.889,107.61,Asia/Jakarta,"BMKG point: Dago, Coblong, Kota Bandung",09-08-2026,BMKG,BMKG,21:00,2026-08-09 22:00:00,19.0,80.0,0.0,3.4,60.0,1.2838,Cerah,Cerah
dago,"Dago, Bandung",2026-08-09,32.73.02.1004,Dago,kelurahan,no,-6.889,107.61,Asia/Jakarta,"BMKG point: Dago, Coblong, Kota Bandung",09-08-2026,BMKG,BMKG,22:00,2026-08-09 22:00:00,19.0,80.0,0.0,3.4,0.0,1.7117,Cerah,Cerah
dago,"Dago, Bandung",2026-08-09,32.73.02.1004,Dago,kelurahan,no,-6.889,107.61,Asia/Jakarta,"BMKG point: Dago, Coblong, Kota Bandung",09-08-2026,BMKG,BMKG,23:00,2026-08-09 22:00:00,19.0,80.0,0.0,3.4,60.0,1.2838,Cerah,Cerah
dago,"Dago, Bandung",2026-08-09,32.73.02.1004,Dago,kelurahan,no,-6.889,107.61,Asia/Jakarta,"BMKG point: Dago, Coblong, Kota Bandung",09-08-2026,METNO,MET Norway,13:00,2026-08-09 15:00:00,29.1,42.1,0.0,13.32,120.0,0.7525,Cerah Berawan,partlycloudy_day
dago,"Dago, Bandung",2026-08-09,32.73.02.1004,Dago,kelurahan,no,-6.889,107.61,Asia/Jakarta,"BMKG point: Dago, Coblong, Kota Bandung",09-08-2026,METNO,MET Norway,14:00,2026-08-09 15:00:00,29.1,42.1,0.0,13.32,60.0,1.0261,Cerah Berawan,partlycloudy_day
dago,"Dago, Bandung",2026-08-09,32.73.02.1004,Dago,kelurahan,no,-6.889,107.61,Asia/Jakarta,"BMKG point: Dago, Coblong, Kota Bandung",09-08-2026,METNO,MET Norway,15:00,2026-08-09 15:00:00,29.1,42.1,0.0,13.32,0.0,1.3682,Cerah Berawan,partlycloudy_day
dago,"Dago, Bandung",2026-08-09,32.73.02.1004,Dago,kelurahan,no,-6.889,107.61,Asia/Jakarta,"BMKG point: Dago, Coblong, Kota Bandung",09-08-2026,METNO,MET Norway,16:00,2026-08-09 16:00:00,27.9,47.1,0.0,14.04,0.0,1.3682,Cerah Berawan,partlycloudy_day
dago,"Dago, Bandung",2026-08-09,32.73.02.1004,Dago,kelurahan,no,-6.889,107.61,Asia/Jakarta,"BMKG point: Dago, Coblong, Kota Bandung",09-08-2026,METNO,MET Norway,17:00,2026-08-09 17:00:00,26.7,49.8,0.0,11.88,0.0,1.3682,Cerah Berawan,partlycloudy_day
dago,"Dago, Bandung",2026-08-09,32.73.02.1004,Dago,kelurahan,no,-6.889,107.61,Asia/Jakarta,"BMKG point: Dago, Coblong, Kota Bandung",09-08-2026,METNO,MET Norway,18:00,2026-08-09 18:00:00,25.0,58.0,0.0,8.28,0.0,1.3682,Cerah Berawan,partlycloudy_night
dago,"Dago, Bandung",2026-08-09,32.73.02.1004,Dago,kelurahan,no,-6.889,107.61,Asia/Jakarta,"BMKG point: Dago, Coblong, Kota Bandung",09-08-2026,METNO,MET Norway,19:00,2026-08-09 19:00:00,24.0,61.4,0.0,5.04,0.0,1.3682,Cerah Berawan,partlycloudy_night
dago,"Dago, Bandung",2026-08-09,32.73.02.1004,Dago,kelurahan,no,-6.889,107.61,Asia/Jakarta,"BMKG point: Dago, Coblong, Kota Bandung",09-08-2026,METNO,MET Norway,20:00,2026-08-09 20:00:00,23.4,60.6,0.0,4.68,0.0,1.3682,Cerah Berawan,partlycloudy_night
dago,"Dago, Bandung",2026-08-09,32.73.02.1004,Dago,kelurahan,no,-6.889,107.61,Asia/Jakarta,"BMKG point: Dago, Coblong, Kota Bandung",09-08-2026,METNO,MET Norway,21:00,2026-08-09 21:00:00,22.7,61.8,0.0,3.6,0.0,1.3682,Cerah Berawan,partlycloudy_night
dago,"Dago, Bandung",2026-08-09,32.73.02.1004,Dago,kelurahan,no,-6.889,107.61,Asia/Jakarta,"BMKG point: Dago, Coblong, Kota Bandung",09-08-2026,METNO,MET Norway,22:00,2026-08-09 22:00:00,21.8,65.4,0.0,2.88,0.0,1.3682,Cerah Berawan,partlycloudy_night
dago,"Dago, Bandung",2026-08-09,32.73.02.1004,Dago,kelurahan,no,-6.889,107.61,Asia/Jakarta,"BMKG point: Dago, Coblong, Kota Bandung",09-08-2026,METNO,MET Norway,23:00,2026-08-09 23:00:00,21.0,69.0,0.0,3.6,0.0,1.3682,Cerah Berawan,partlycloudy_night
dago,"Dago, Bandung",2026-08-10,32.73.02.1004,Dago,kelurahan,no,-6.889,107.61,Asia/Jakarta,"BMKG point: Dago, Coblong, Kota Bandung",10-08-2026,BMKG,BMKG,00:00,2026-08-10 01:00:00,20.0,85.0,0.0,2.5,60.0,1.2528,Cerah Berawan,Cerah Berawan
dago,"Dago, Bandung",2026-08-10,32.73.02.1004,Dago,kelurahan,no,-6.889,107.61,Asia/Jakarta,"BMKG point: Dago, Coblong, Kota Bandung",10-08-2026,BMKG,BMKG,01:00,2026-08-10 01:00:00,20.0,85.0,0.0,2.5,0.0,1.6704,Cerah Berawan,Cerah Berawan
dago,"Dago, Bandung",2026-08-10,32.73.02.1004,Dago,kelurahan,no,-6.889,107.61,Asia/Jakarta,"BMKG point: Dago, Coblong, Kota Bandung",10-08-2026,BMKG,BMKG,02:00,2026-08-10 01:00:00,20.0,85.0,0.0,2.5,60.0,1.2528,Cerah Berawan,Cerah Berawan
dago,"Dago, Bandung",2026-08-10,32.73.02.1004,Dago,kelurahan,no,-6.889,107.61,Asia/Jakarta,"BMKG point: Dago, Coblong, Kota Bandung",10-08-2026,BMKG,BMKG,03:00,2026-08-10 04:00:00,18.0,88.0,0.0,3.3,60.0,1.2528,Cerah Berawan,Cerah Berawan
dago,"Dago, Bandung",2026-08-10,32.73.02.1004,Dago,kelurahan,no,-6.889,107.61,Asia/Jakarta,"BMKG point: Dago, Coblong, Kota Bandung",10-08-2026,BMKG,BMKG,04:00,2026-08-10 04:00:00,18.0,88.0,0.0,3.3,0.0,1.6704,Cerah Berawan,Cerah Berawan
dago,"Dago, Bandung",2026-08-10,32.73.02.1004,Dago,kelurahan,no,-6.889,107.61,Asia/Jakarta,"BMKG point: Dago, Coblong, Kota Bandung",10-08-2026,BMKG,BMKG,05:00,2026-08-10 04:00:00,18.0,88.0,0.0,3.3,60.0,1.2528,Cerah Berawan,Cerah Berawan
dago,"Dago, Bandung",2026-08-10,32.73.02.1004,Dago,kelurahan,no,-6.889,107.61,Asia/Jakarta,"BMKG point: Dago, Coblong, Kota Bandung",10-08-2026,BMKG,BMKG,06:00,2026-08-10 07:00:00,21.0,73.0,0.0,2.5,60.0,1.2528,Cerah,Cerah
dago,"Dago, Bandung",2026-08-10,32.73.02.1004,Dago,kelurahan,no,-6.889,107.61,Asia/Jakarta,"BMKG point: Dago, Coblong, Kota Bandung",10-08-2026,BMKG,BMKG,07:00,2026-08-10 07:00:00,21.0,73.0,0.0,2.5,0.0,1.6704,Cerah,Cerah
dago,"Dago, Bandung",2026-08-10,32.73.02.1004,Dago,kelurahan,no,-6.889,107.61,Asia/Jakarta,"BMKG point: Dago, Coblong, Kota Bandung",10-08-2026,BMKG,BMKG,08:00,2026-08-10 07:00:00,21.0,73.0,0.0,2.5,60.0,1.2528,Cerah,Cerah
dago,"Dago, Bandung",2026-08-10,32.73.02.1004,Dago,kelurahan,no,-6.889,107.61,Asia/Jakarta,"BMKG point: Dago, Coblong, Kota Bandung",10-08-2026,BMKG,BMKG,09:00,2026-08-10 10:00:00,28.0,49.0,0.0,6.0,60.0,1.2528,Cerah,Cerah
dago,"Dago, Bandung",2026-08-10,32.73.02.1004,Dago,kelurahan,no,-6.889,107.61,Asia/Jakarta,"BMKG point: Dago, Coblong, Kota Bandung",10-08-2026,BMKG,BMKG,10:00,2026-08-10 10:00:00,28.0,49.0,0.0,6.0,0.0,1.6704,Cerah,Cerah
dago,"Dago, Bandung",2026-08-10,32.73.02.1004,Dago,kelurahan,no,-6.889,107.61,Asia/Jakarta,"BMKG point: Dago, Coblong, Kota Bandung",10-08-2026,BMKG,BMKG,11:00,2026-08-10 10:00:00,28.0,49.0,0.0,6.0,60.0,1.2528,Cerah,Cerah
dago,"Dago, Bandung",2026-08-10,32.73.02.1004,Dago,kelurahan,no,-6.889,107.61,Asia/Jakarta,"BMKG point: Dago, Coblong, Kota Bandung",10-08-2026,BMKG,BMKG,12:00,2026-08-10 13:00:00,31.0,44.0,0.0,10.8,60.0,1.2528,Cerah,Cerah
dago,"Dago, Bandung",2026-08-10,32.73.02.1004,Dago,kelurahan,no,-6.889,107.61,Asia/Jakarta,"BMKG point: Dago, Coblong, Kota Bandung",10-08-2026,BMKG,BMKG,13:00,2026-08-10 13:00:00,31.0,44.0,0.0,10.8,0.0,1.6704,Cerah,Cerah
dago,"Dago, Bandung",2026-08-10,32.73.02.1004,Dago,kelurahan,no,-6.889,107.61,Asia/Jakarta,"BMKG point: Dago, Coblong, Kota Bandung",10-08-2026,BMKG,BMKG,14:00,2026-08-10 13:00:00,31.0,44.0,0.0,10.8,60.0,1.2528,Cerah,Cerah
dago,"Dago, Bandung",2026-08-10,32.73.02.1004,Dago,kelurahan,no,-6.889,107.61,Asia/Jakarta,"BMKG point: Dago, Coblong, Kota Bandung",10-08-2026,BMKG,BMKG,15:00,2026-08-10 16:00:00,26.0,57.0,0.0,9.2,60.0,1.2528,Cerah,Cerah
dago,"Dago, Bandung",2026-08-10,32.73.02.1004,Dago,kelurahan,no,-6.889,107.61,Asia/Jakarta,"BMKG point: Dago, Coblong, Kota Bandung",10-08-2026,BMKG,BMKG,16:00,2026-08-10 16:00:00,26.0,57.0,0.0,9.2,0.0,1.6704,Cerah,Cerah
dago,"Dago, Bandung",2026-08-10,32.73.02.1004,Dago,kelurahan,no,-6.889,107.61,Asia/Jakarta,"BMKG point: Dago, Coblong, Kota Bandung",10-08-2026,BMKG,BMKG,17:00,2026-08-10 16:00:00,26.0,57.0,0.0,9.2,60.0,1.2528,Cerah,Cerah
dago,"Dago, Bandung",2026-08-10,32.73.02.1004,Dago,kelurahan,no,-6.889,107.61,Asia/Jakarta,"BMKG point: Dago, Coblong, Kota Bandung",10-08-2026,BMKG,BMKG,18:00,2026-08-10 19:00:00,22.0,73.0,0.0,3.2,60.0,1.2528,Cerah Berawan,Cerah Berawan
dago,"Dago, Bandung",2026-08-10,32.73.02.1004,Dago,kelurahan,no,-6.889,107.61,Asia/Jakarta,"BMKG point: Dago, Coblong, Kota Bandung",10-08-2026,BMKG,BMKG,19:00,2026-08-10 19:00:00,22.0,73.0,0.0,3.2,0.0,1.6704,Cerah Berawan,Cerah Berawan
dago,"Dago, Bandung",2026-08-10,32.73.02.1004,Dago,kelurahan,no,-6.889,107.61,Asia/Jakarta,"BMKG point: Dago, Coblong, Kota Bandung",10-08-2026,BMKG,BMKG,20:00,2026-08-10 19:00:00,22.0,73.0,0.0,3.2,60.0,1.2528,Cerah Berawan,Cerah Berawan
dago,"Dago, Bandung",2026-08-10,32.73.02.1004,Dago,kelurahan,no,-6.889,107.61,Asia/Jakarta,"BMKG point: Dago, Coblong, Kota Bandung",10-08-2026,BMKG,BMKG,21:00,2026-08-10 22:00:00,20.0,85.0,0.0,5.3,60.0,1.2528,Cerah Berawan,Cerah Berawan
dago,"Dago, Bandung",2026-08-10,32.73.02.1004,Dago,kelurahan,no,-6.889,107.61,Asia/Jakarta,"BMKG point: Dago, Coblong, Kota Bandung",10-08-2026,BMKG,BMKG,22:00,2026-08-10 22:00:00,20.0,85.0,0.0,5.3,0.0,1.6704,Cerah Berawan,Cerah Berawan
dago,"Dago, Bandung",2026-08-10,32.73.02.1004,Dago,kelurahan,no,-6.889,107.61,Asia/Jakarta,"BMKG point: Dago, Coblong, Kota Bandung",10-08-2026,BMKG,BMKG,23:00,2026-08-10 22:00:00,20.0,85.0,0.0,5.3,60.0,1.2528,Cerah Berawan,Cerah Berawan
dago,"Dago, Bandung",2026-08-10,32.73.02.1004,Dago,kelurahan,no,-6.889,107.61,Asia/Jakarta,"BMKG point: Dago, Coblong, Kota Bandung",10-08-2026,METNO,MET Norway,00:00,2026-08-10 00:00:00,20.0,74.1,0.0,6.12,0.0,1.3352,Cerah Berawan,partlycloudy_night
dago,"Dago, Bandung",2026-08-10,32.73.02.1004,Dago,kelurahan,no,-6.889,107.61,Asia/Jakarta,"BMKG point: Dago, Coblong, Kota Bandung",10-08-2026,METNO,MET Norway,01:00,2026-08-10 01:00:00,19.1,78.7,0.0,6.48,0.0,1.3352,Cerah Berawan,partlycloudy_night
dago,"Dago, Bandung",2026-08-10,32.73.02.1004,Dago,kelurahan,no,-6.889,107.61,Asia/Jakarta,"BMKG point: Dago, Coblong, Kota Bandung",10-08-2026,METNO,MET Norway,02:00,2026-08-10 02:00:00,18.4,80.7,0.0,6.12,0.0,1.3352,Cerah Berawan,partlycloudy_night
dago,"Dago, Bandung",2026-08-10,32.73.02.1004,Dago,kelurahan,no,-6.889,107.61,Asia/Jakarta,"BMKG point: Dago, Coblong, Kota Bandung",10-08-2026,METNO,MET Norway,03:00,2026-08-10 03:00:00,17.7,81.8,0.0,5.04,0.0,1.3352,Cerah Berawan,partlycloudy_night
dago,"Dago, Bandung",2026-08-10,32.73.02.1004,Dago,kelurahan,no,-6.889,107.61,Asia/Jakarta,"BMKG point: Dago, Coblong, Kota Bandung",10-08-2026,METNO,MET Norway,04:00,2026-08-10 04:00:00,17.2,80.5,0.0,6.48,0.0,1.3352,Cerah Berawan,partlycloudy_night
dago,"Dago, Bandung",2026-08-10,32.73.02.1004,Dago,kelurahan,no,-6.889,107.61,Asia/Jakarta,"BMKG point: Dago, Coblong, Kota Bandung",10-08-2026,METNO,MET Norway,05:00,2026-08-10 05:00:00,17.1,75.9,0.0,5.4,0.0,1.3352,Cerah Berawan,partlycloudy_night
dago,"Dago, Bandung",2026-08-10,32.73.02.1004,Dago,kelurahan,no,-6.889,107.61,Asia/Jakarta,"BMKG point: Dago, Coblong, Kota Bandung",10-08-2026,METNO,MET Norway,06:00,2026-08-10 06:00:00,16.6,77.4,0.0,4.68,0.0,1.3352,Cerah,clearsky_day
dago,"Dago, Bandung",2026-08-10,32.73.02.1004,Dago,kelurahan,no,-6.889,107.61,Asia/Jakarta,"BMKG point: Dago, Coblong, Kota Bandung",10-08-2026,METNO,MET Norway,07:00,2026-08-10 07:00:00,18.4,72.3,0.0,5.04,0.0,1.3352,Cerah,clearsky_day
dago,"Dago, Bandung",2026-08-10,32.73.02.1004,Dago,kelurahan,no,-6.889,107.61,Asia/Jakarta,"BMKG point: Dago, Coblong, Kota Bandung",10-08-2026,METNO,MET Norway,08:00,2026-08-10 08:00:00,21.0,62.5,0.0,3.6,0.0,1.3352,Cerah,clearsky_day
dago,"Dago, Bandung",2026-08-10,32.73.02.1004,Dago,kelurahan,no,-6.889,107.61,Asia/Jakarta,"BMKG point: Dago, Coblong, Kota Bandung",10-08-2026,METNO,MET Norway,09:00,2026-08-10 09:00:00,23.5,52.4,0.0,3.96,0.0,1.3352,Cerah,clearsky_day
dago,"Dago, Bandung",2026-08-10,32.73.02.1004,Dago,kelurahan,no,-6.889,107.61,Asia/Jakarta,"BMKG point: Dago, Coblong, Kota Bandung",10-08-2026,METNO,MET Norway,10:00,2026-08-10 10:00:00,25.6,45.6,0.0,6.84,0.0,1.3352,Cerah,clearsky_day
dago,"Dago, Bandung",2026-08-10,32.73.02.1004,Dago,kelurahan,no,-6.889,107.61,Asia/Jakarta,"BMKG point: Dago, Coblong, Kota Bandung",10-08-2026,METNO,MET Norway,11:00,2026-08-10 11:00:00,27.2,39.8,0.0,9.36,0.0,1.3352,Cerah Berawan,fair_day
dago,"Dago, Bandung",2026-08-10,32.73.02.1004,Dago,kelurahan,no,-6.889,107.61,Asia/Jakarta,"BMKG point: Dago, Coblong, Kota Bandung",10-08-2026,METNO,MET Norway,12:00,2026-08-10 12:00:00,28.4,37.0,0.0,10.44,0.0,1.3352,Cerah Berawan,partlycloudy_day
dago,"Dago, Bandung",2026-08-10,32.73.02.1004,Dago,kelurahan,no,-6.889,107.61,Asia/Jakarta,"BMKG point: Dago, Coblong, Kota Bandung",10-08-2026,METNO,MET Norway,13:00,2026-08-10 13:00:00,29.2,37.3,0.0,12.24,0.0,1.3352,Cerah,clearsky_day
dago,"Dago, Bandung",2026-08-10,32.73.02.1004,Dago,kelurahan,no,-6.889,107.61,Asia/Jakarta,"BMKG point: Dago, Coblong, Kota Bandung",10-08-2026,METNO,MET Norway,14:00,2026-08-10 14:00:00,29.2,41.1,0.0,12.24,0.0,1.3352,Cerah Berawan,fair_day
dago,"Dago, Bandung",2026-08-10,32.73.02.1004,Dago,kelurahan,no,-6.889,107.61,Asia/Jakarta,"BMKG point: Dago, Coblong, Kota Bandung",10-08-2026,METNO,MET Norway,15:00,2026-08-10 15:00:00,28.5,46.1,0.0,11.88,0.0,1.3352,Cerah Berawan,partlycloudy_day
dago,"Dago, Bandung",2026-08-10,32.73.02.1004,Dago,kelurahan,no,-6.889,107.61,Asia/Jakarta,"BMKG point: Dago, Coblong, Kota Bandung",10-08-2026,METNO,MET Norway,16:00,2026-08-10 16:00:00,28.1,48.0,0.0,11.52,0.0,1.3352,Cerah Berawan,partlycloudy_day
dago,"Dago, Bandung",2026-08-10,32.73.02.1004,Dago,kelurahan,no,-6.889,107.61,Asia/Jakarta,"BMKG point: Dago, Coblong, Kota Bandung",10-08-2026,METNO,MET Norway,17:00,2026-08-10 17:00:00,27.1,50.1,0.0,10.08,0.0,1.3352,Cerah Berawan,fair_day
dago,"Dago, Bandung",2026-08-10,32.73.02.1004,Dago,kelurahan,no,-6.889,107.61,Asia/Jakarta,"BMKG point: Dago, Coblong, Kota Bandung",10-08-2026,METNO,MET Norway,18:00,2026-08-10 18:00:00,25.5,57.1,0.0,7.92,0.0,1.3352,Cerah Berawan,fair_night
dago,"Dago, Bandung",2026-08-10,32.73.02.1004,Dago,kelurahan,no,-6.889,107.61,Asia/Jakarta,"BMKG point: Dago, Coblong, Kota Bandung",10-08-2026,METNO,MET Norway,19:00,2026-08-10 19:00:00,24.4,61.9,0.0,6.84,0.0,1.3352,Cerah Berawan,fair_night
dago,"Dago, Bandung",2026-08-10,32.73.02.1004,Dago,kelurahan,no,-6.889,107.61,Asia/Jakarta,"BMKG point: Dago, Coblong, Kota Bandung",10-08-2026,METNO,MET Norway,20:00,2026-08-10 20:00:00,23.6,64.4,0.0,5.76,0.0,1.3352,Cerah Berawan,fair_night
dago,"Dago, Bandung",2026-08-10,32.73.02.1004,Dago,kelurahan,no,-6.889,107.61,Asia/Jakarta,"BMKG point: Dago, Coblong, Kota Bandung",10-08-2026,METNO,MET Norway,21:00,2026-08-10 21:00:00,23.0,64.6,0.0,5.4,0.0,1.3352,Cerah,clearsky_night
dago,"Dago, Bandung",2026-08-10,32.73.02.1004,Dago,kelurahan,no,-6.889,107.61,Asia/Jakarta,"BMKG point: Dago, Coblong, Kota Bandung",10-08-2026,METNO,MET Norway,22:00,2026-08-10 22:00:00,22.0,68.2,0.0,5.04,0.0,1.3352,Cerah,clearsky_night
dago,"Dago, Bandung",2026-08-10,32.73.02.1004,Dago,kelurahan,no,-6.889,107.61,Asia/Jakarta,"BMKG point: Dago, Coblong, Kota Bandung",10-08-2026,METNO,MET Norway,23:00,2026-08-10 23:00:00,21.1,74.7,0.0,3.24,0.0,1.3352,Cerah,clearsky_night
dago,"Dago, Bandung",2026-08-11,32.73.02.1004,Dago,kelurahan,no,-6.889,107.61,Asia/Jakarta,"BMKG point: Dago, Coblong, Kota Bandung",11-08-2026,BMKG,BMKG,00:00,2026-08-11 01:00:00,19.0,87.0,0.0,2.9,60.0,1.2696,Cerah Berawan,Cerah Berawan
dago,"Dago, Bandung",2026-08-11,32.73.02.1004,Dago,kelurahan,no,-6.889,107.61,Asia/Jakarta,"BMKG point: Dago, Coblong, Kota Bandung",11-08-2026,BMKG,BMKG,01:00,2026-08-11 01:00:00,19.0,87.0,0.0,2.9,0.0,1.6928,Cerah Berawan,Cerah Berawan
dago,"Dago, Bandung",2026-08-11,32.73.02.1004,Dago,kelurahan,no,-6.889,107.61,Asia/Jakarta,"BMKG point: Dago, Coblong, Kota Bandung",11-08-2026,BMKG,BMKG,02:00,2026-08-11 01:00:00,19.0,87.0,0.0,2.9,60.0,1.2696,Cerah Berawan,Cerah Berawan
dago,"Dago, Bandung",2026-08-11,32.73.02.1004,Dago,kelurahan,no,-6.889,107.61,Asia/Jakarta,"BMKG point: Dago, Coblong, Kota Bandung",11-08-2026,BMKG,BMKG,03:00,2026-08-11 04:00:00,18.0,93.0,0.0,4.6,60.0,1.2696,Cerah Berawan,Cerah Berawan
dago,"Dago, Bandung",2026-08-11,32.73.02.1004,Dago,kelurahan,no,-6.889,107.61,Asia/Jakarta,"BMKG point: Dago, Coblong, Kota Bandung",11-08-2026,BMKG,BMKG,04:00,2026-08-11 04:00:00,18.0,93.0,0.0,4.6,0.0,1.6928,Cerah Berawan,Cerah Berawan
dago,"Dago, Bandung",2026-08-11,32.73.02.1004,Dago,kelurahan,no,-6.889,107.61,Asia/Jakarta,"BMKG point: Dago, Coblong, Kota Bandung",11-08-2026,BMKG,BMKG,05:00,2026-08-11 04:00:00,18.0,93.0,0.0,4.6,60.0,1.2696,Cerah Berawan,Cerah Berawan
dago,"Dago, Bandung",2026-08-11,32.73.02.1004,Dago,kelurahan,no,-6.889,107.61,Asia/Jakarta,"BMKG point: Dago, Coblong, Kota Bandung",11-08-2026,BMKG,BMKG,06:00,2026-08-11 07:00:00,22.0,71.0,0.0,4.4,60.0,1.2696,Cerah,Cerah
dago,"Dago, Bandung",2026-08-11,32.73.02.1004,Dago,kelurahan,no,-6.889,107.61,Asia/Jakarta,"BMKG point: Dago, Coblong, Kota Bandung",11-08-2026,BMKG,BMKG,07:00,2026-08-11 07:00:00,22.0,71.0,0.0,4.4,0.0,1.6928,Cerah,Cerah
dago,"Dago, Bandung",2026-08-11,32.73.02.1004,Dago,kelurahan,no,-6.889,107.61,Asia/Jakarta,"BMKG point: Dago, Coblong, Kota Bandung",11-08-2026,BMKG,BMKG,08:00,2026-08-11 07:00:00,22.0,71.0,0.0,4.4,60.0,1.2696,Cerah,Cerah
dago,"Dago, Bandung",2026-08-11,32.73.02.1004,Dago,kelurahan,no,-6.889,107.61,Asia/Jakarta,"BMKG point: Dago, Coblong, Kota Bandung",11-08-2026,BMKG,BMKG,09:00,2026-08-11 10:00:00,29.0,42.0,0.0,10.3,60.0,1.2696,Cerah,Cerah
dago,"Dago, Bandung",2026-08-11,32.73.02.1004,Dago,kelurahan,no,-6.889,107.61,Asia/Jakarta,"BMKG point: Dago, Coblong, Kota Bandung",11-08-2026,BMKG,BMKG,10:00,2026-08-11 10:00:00,29.0,42.0,0.0,10.3,0.0,1.6928,Cerah,Cerah
dago,"Dago, Bandung",2026-08-11,32.73.02.1004,Dago,kelurahan,no,-6.889,107.61,Asia/Jakarta,"BMKG point: Dago, Coblong, Kota Bandung",11-08-2026,BMKG,BMKG,11:00,2026-08-11 10:00:00,29.0,42.0,0.0,10.3,60.0,1.2696,Cerah,Cerah
dago,"Dago, Bandung",2026-08-11,32.73.02.1004,Dago,kelurahan,no,-6.889,107.61,Asia/Jakarta,"BMKG point: Dago, Coblong, Kota Bandung",11-08-2026,BMKG,BMKG,12:00,2026-08-11 13:00:00,31.0,32.0,0.0,10.3,60.0,1.2696,Cerah,Cerah
dago,"Dago, Bandung",2026-08-11,32.73.02.1004,Dago,kelurahan,no,-6.889,107.61,Asia/Jakarta,"BMKG point: Dago, Coblong, Kota Bandung",11-08-2026,BMKG,BMKG,13:00,2026-08-11 13:00:00,31.0,32.0,0.0,10.3,0.0,1.6928,Cerah,Cerah
dago,"Dago, Bandung",2026-08-11,32.73.02.1004,Dago,kelurahan,no,-6.889,107.61,Asia/Jakarta,"BMKG point: Dago, Coblong, Kota Bandung",11-08-2026,BMKG,BMKG,14:00,2026-08-11 13:00:00,31.0,32.0,0.0,10.3,60.0,1.2696,Cerah,Cerah
dago,"Dago, Bandung",2026-08-11,32.73.02.1004,Dago,kelurahan,no,-6.889,107.61,Asia/Jakarta,"BMKG point: Dago, Coblong, Kota Bandung",11-08-2026,BMKG,BMKG,15:00,2026-08-11 16:00:00,26.0,48.0,0.0,7.5,60.0,1.2696,Cerah,Cerah
dago,"Dago, Bandung",2026-08-11,32.73.02.1004,Dago,kelurahan,no,-6.889,107.61,Asia/Jakarta,"BMKG point: Dago, Coblong, Kota Bandung",11-08-2026,BMKG,BMKG,16:00,2026-08-11 16:00:00,26.0,48.0,0.0,7.5,0.0,1.6928,Cerah,Cerah
dago,"Dago, Bandung",2026-08-11,32.73.02.1004,Dago,kelurahan,no,-6.889,107.61,Asia/Jakarta,"BMKG point: Dago, Coblong, Kota Bandung",11-08-2026,BMKG,BMKG,17:00,2026-08-11 16:00:00,26.0,48.0,0.0,7.5,60.0,1.2696,Cerah,Cerah
dago,"Dago, Bandung",2026-08-11,32.73.02.1004,Dago,kelurahan,no,-6.889,107.61,Asia/Jakarta,"BMKG point: Dago, Coblong, Kota Bandung",11-08-2026,BMKG,BMKG,18:00,2026-08-11 19:00:00,20.0,69.0,0.0,7.5,60.0,1.2696,Cerah,Cerah
dago,"Dago, Bandung",2026-08-11,32.73.02.1004,Dago,kelurahan,no,-6.889,107.61,Asia/Jakarta,"BMKG point: Dago, Coblong, Kota Bandung",11-08-2026,BMKG,BMKG,19:00,2026-08-11 19:00:00,20.0,69.0,0.0,7.5,0.0,1.6928,Cerah,Cerah
dago,"Dago, Bandung",2026-08-11,32.73.02.1004,Dago,kelurahan,no,-6.889,107.61,Asia/Jakarta,"BMKG point: Dago, Coblong, Kota Bandung",11-08-2026,BMKG,BMKG,20:00,2026-08-11 19:00:00,20.0,69.0,0.0,7.5,60.0,1.2696,Cerah,Cerah
dago,"Dago, Bandung",2026-08-11,32.73.02.1004,Dago,kelurahan,no,-6.889,107.61,Asia/Jakarta,"BMKG point: Dago, Coblong, Kota Bandung",11-08-2026,BMKG,BMKG,21:00,2026-08-11 22:00:00,18.0,67.0,0.0,7.8,60.0,1.2696,Cerah,Cerah
dago,"Dago, Bandung",2026-08-11,32.73.02.1004,Dago,kelurahan,no,-6.889,107.61,Asia/Jakarta,"BMKG point: Dago, Coblong, Kota Bandung",11-08-2026,BMKG,BMKG,22:00,2026-08-11 22:00:00,18.0,67.0,0.0,7.8,0.0,1.6928,Cerah,Cerah
dago,"Dago, Bandung",2026-08-11,32.73.02.1004,Dago,kelurahan,no,-6.889,107.61,Asia/Jakarta,"BMKG point: Dago, Coblong, Kota Bandung",11-08-2026,BMKG,BMKG,23:00,2026-08-11 22:00:00,18.0,67.0,0.0,7.8,60.0,1.2696,Cerah,Cerah
dago,"Dago, Bandung",2026-08-11,32.73.02.1004,Dago,kelurahan,no,-6.889,107.61,Asia/Jakarta,"BMKG point: Dago, Coblong, Kota Bandung",11-08-2026,METNO,MET Norway,00:00,2026-08-11 00:00:00,20.4,79.3,0.0,2.88,0.0,1.3532,Cerah,clearsky_night
dago,"Dago, Bandung",2026-08-11,32.73.02.1004,Dago,kelurahan,no,-6.889,107.61,Asia/Jakarta,"BMKG point: Dago, Coblong, Kota Bandung",11-08-2026,METNO,MET Norway,01:00,2026-08-11 01:00:00,19.8,81.0,0.0,3.24,0.0,1.3532,Cerah,clearsky_night
dago,"Dago, Bandung",2026-08-11,32.73.02.1004,Dago,kelurahan,no,-6.889,107.61,Asia/Jakarta,"BMKG point: Dago, Coblong, Kota Bandung",11-08-2026,METNO,MET Norway,02:00,2026-08-11 02:00:00,19.2,82.5,0.0,4.68,0.0,1.3532,Cerah,clearsky_night
dago,"Dago, Bandung",2026-08-11,32.73.02.1004,Dago,kelurahan,no,-6.889,107.61,Asia/Jakarta,"BMKG point: Dago, Coblong, Kota Bandung",11-08-2026,METNO,MET Norway,03:00,2026-08-11 03:00:00,18.6,85.7,0.0,5.4,0.0,1.3532,Cerah,clearsky_night
dago,"Dago, Bandung",2026-08-11,32.73.02.1004,Dago,kelurahan,no,-6.889,107.61,Asia/Jakarta,"BMKG point: Dago, Coblong, Kota Bandung",11-08-2026,METNO,MET Norway,04:00,2026-08-11 04:00:00,18.1,88.3,0.0,5.4,0.0,1.3532,Cerah Berawan,fair_night
dago,"Dago, Bandung",2026-08-11,32.73.02.1004,Dago,kelurahan,no,-6.889,107.61,Asia/Jakarta,"BMKG point: Dago, Coblong, Kota Bandung",11-08-2026,METNO,MET Norway,05:00,2026-08-11 05:00:00,17.9,88.7,0.0,5.4,0.0,1.3532,Cerah,clearsky_night
dago,"Dago, Bandung",2026-08-11,32.73.02.1004,Dago,kelurahan,no,-6.889,107.61,Asia/Jakarta,"BMKG point: Dago, Coblong, Kota Bandung",11-08-2026,METNO,MET Norway,06:00,2026-08-11 06:00:00,17.6,88.3,0.0,5.4,0.0,1.3532,Cerah,clearsky_day
dago,"Dago, Bandung",2026-08-11,32.73.02.1004,Dago,kelurahan,no,-6.889,107.61,Asia/Jakarta,"BMKG point: Dago, Coblong, Kota Bandung",11-08-2026,METNO,MET Norway,07:00,2026-08-11 07:00:00,19.0,81.9,0.0,6.84,0.0,1.3532,Cerah,clearsky_day
dago,"Dago, Bandung",2026-08-11,32.73.02.1004,Dago,kelurahan,no,-6.889,107.61,Asia/Jakarta,"BMKG point: Dago, Coblong, Kota Bandung",11-08-2026,METNO,MET Norway,08:00,2026-08-11 08:00:00,21.3,69.3,0.0,5.76,0.0,1.3532,Cerah,clearsky_day
dago,"Dago, Bandung",2026-08-11,32.73.02.1004,Dago,kelurahan,no,-6.889,107.61,Asia/Jakarta,"BMKG point: Dago, Coblong, Kota Bandung",11-08-2026,METNO,MET Norway,09:00,2026-08-11 09:00:00,23.5,58.6,0.0,5.04,0.0,1.3532,Cerah,clearsky_day
dago,"Dago, Bandung",2026-08-11,32.73.02.1004,Dago,kelurahan,no,-6.889,107.61,Asia/Jakarta,"BMKG point: Dago, Coblong, Kota Bandung",11-08-2026,METNO,MET Norway,10:00,2026-08-11 10:00:00,25.7,49.2,0.0,6.12,0.0,1.3532,Cerah,clearsky_day
dago,"Dago, Bandung",2026-08-11,32.73.02.1004,Dago,kelurahan,no,-6.889,107.61,Asia/Jakarta,"BMKG point: Dago, Coblong, Kota Bandung",11-08-2026,METNO,MET Norway,11:00,2026-08-11 11:00:00,27.6,41.8,0.0,8.28,0.0,1.3532,Cerah,clearsky_day
dago,"Dago, Bandung",2026-08-11,32.73.02.1004,Dago,kelurahan,no,-6.889,107.61,Asia/Jakarta,"BMKG point: Dago, Coblong, Kota Bandung",11-08-2026,METNO,MET Norway,12:00,2026-08-11 12:00:00,29.0,35.7,0.0,10.8,0.0,1.3532,Cerah,clearsky_day
dago,"Dago, Bandung",2026-08-11,32.73.02.1004,Dago,kelurahan,no,-6.889,107.61,Asia/Jakarta,"BMKG point: Dago, Coblong, Kota Bandung",11-08-2026,METNO,MET Norway,13:00,2026-08-11 13:00:00,30.0,29.6,0.0,12.24,0.0,1.3532,Cerah Berawan,fair_day
dago,"Dago, Bandung",2026-08-11,32.73.02.1004,Dago,kelurahan,no,-6.889,107.61,Asia/Jakarta,"BMKG point: Dago, Coblong, Kota Bandung",11-08-2026,METNO,MET Norway,14:00,2026-08-11 14:00:00,30.2,28.0,0.0,11.16,0.0,1.3532,Cerah,clearsky_day
dago,"Dago, Bandung",2026-08-11,32.73.02.1004,Dago,kelurahan,no,-6.889,107.61,Asia/Jakarta,"BMKG point: Dago, Coblong, Kota Bandung",11-08-2026,METNO,MET Norway,15:00,2026-08-11 15:00:00,29.8,34.1,0.0,10.44,0.0,1.3532,Cerah,clearsky_day
dago,"Dago, Bandung",2026-08-11,32.73.02.1004,Dago,kelurahan,no,-6.889,107.61,Asia/Jakarta,"BMKG point: Dago, Coblong, Kota Bandung",11-08-2026,METNO,MET Norway,16:00,2026-08-11 16:00:00,28.8,40.4,0.0,11.52,0.0,1.3532,Cerah,clearsky_day
dago,"Dago, Bandung",2026-08-11,32.73.02.1004,Dago,kelurahan,no,-6.889,107.61,Asia/Jakarta,"BMKG point: Dago, Coblong, Kota Bandung",11-08-2026,METNO,MET Norway,17:00,2026-08-11 17:00:00,27.5,47.7,0.0,12.6,0.0,1.3532,Cerah Berawan,fair_day
dago,"Dago, Bandung",2026-08-11,32.73.02.1004,Dago,kelurahan,no,-6.889,107.61,Asia/Jakarta,"BMKG point: Dago, Coblong, Kota Bandung",11-08-2026,METNO,MET Norway,18:00,2026-08-11 18:00:00,26.0,54.6,0.0,8.28,0.0,1.3532,Cerah Berawan,fair_night
dago,"Dago, Bandung",2026-08-11,32.73.02.1004,Dago,kelurahan,no,-6.889,107.61,Asia/Jakarta,"BMKG point: Dago, Coblong, Kota Bandung",11-08-2026,METNO,MET Norway,19:00,2026-08-11 19:00:00,25.1,55.7,0.0,9.72,0.0,1.3532,Cerah Berawan,fair_night
dago,"Dago, Bandung",2026-08-11,32.73.02.1004,Dago,kelurahan,no,-6.889,107.61,Asia/Jakarta,"BMKG point: Dago, Coblong, Kota Bandung",11-08-2026,METNO,MET Norway,20:00,2026-08-11 20:00:00,23.9,59.6,0.0,9.0,0.0,1.3532,Cerah,clearsky_night
dago,"Dago, Bandung",2026-08-11,32.73.02.1004,Dago,kelurahan,no,-6.889,107.61,Asia/Jakarta,"BMKG point: Dago, Coblong, Kota Bandung",11-08-2026,METNO,MET Norway,21:00,2026-08-11 21:00:00,22.7,64.7,0.0,8.28,0.0,1.3532,Cerah,clearsky_night
dago,"Dago, Bandung",2026-08-11,32.73.02.1004,Dago,kelurahan,no,-6.889,107.61,Asia/Jakarta,"BMKG point: Dago, Coblong, Kota Bandung",11-08-2026,METNO,MET Norway,22:00,2026-08-11 22:00:00,21.6,68.3,0.0,6.12,0.0,1.3532,Cerah,clearsky_night
dago,"Dago, Bandung",2026-08-11,32.73.02.1004,Dago,kelurahan,no,-6.889,107.61,Asia/Jakarta,"BMKG point: Dago, Coblong, Kota Bandung",11-08-2026,METNO,MET Norway,23:00,2026-08-11 23:00:00,20.8,68.2,0.0,5.76,0.0,1.3532,Cerah,clearsky_night
jatinangor,"Jatinangor, Sumedang",2026-08-09,32.11.15.2002,Hegarmanah,kecamatan,yes,-6.938,107.7556,Asia/Jakarta,"BMKG representative point: Hegarmanah, Kecamatan Jatinangor",09-08-2026,BMKG,BMKG,13:00,2026-08-09 16:00:00,25.0,48.0,0.0,8.7,180.0,1.0049,Cerah,Cerah
jatinangor,"Jatinangor, Sumedang",2026-08-09,32.11.15.2002,Hegarmanah,kecamatan,yes,-6.938,107.7556,Asia/Jakarta,"BMKG representative point: Hegarmanah, Kecamatan Jatinangor",09-08-2026,BMKG,BMKG,14:00,2026-08-09 16:00:00,25.0,48.0,0.0,8.7,120.0,1.0049,Cerah,Cerah
jatinangor,"Jatinangor, Sumedang",2026-08-09,32.11.15.2002,Hegarmanah,kecamatan,yes,-6.938,107.7556,Asia/Jakarta,"BMKG representative point: Hegarmanah, Kecamatan Jatinangor",09-08-2026,BMKG,BMKG,15:00,2026-08-09 16:00:00,25.0,48.0,0.0,8.7,60.0,1.3703,Cerah,Cerah
jatinangor,"Jatinangor, Sumedang",2026-08-09,32.11.15.2002,Hegarmanah,kecamatan,yes,-6.938,107.7556,Asia/Jakarta,"BMKG representative point: Hegarmanah, Kecamatan Jatinangor",09-08-2026,BMKG,BMKG,16:00,2026-08-09 16:00:00,25.0,48.0,0.0,8.7,0.0,1.8271,Cerah,Cerah
jatinangor,"Jatinangor, Sumedang",2026-08-09,32.11.15.2002,Hegarmanah,kecamatan,yes,-6.938,107.7556,Asia/Jakarta,"BMKG representative point: Hegarmanah, Kecamatan Jatinangor",09-08-2026,BMKG,BMKG,17:00,2026-08-09 16:00:00,25.0,48.0,0.0,8.7,60.0,1.3703,Cerah,Cerah
jatinangor,"Jatinangor, Sumedang",2026-08-09,32.11.15.2002,Hegarmanah,kecamatan,yes,-6.938,107.7556,Asia/Jakarta,"BMKG representative point: Hegarmanah, Kecamatan Jatinangor",09-08-2026,BMKG,BMKG,18:00,2026-08-09 19:00:00,21.0,72.0,0.0,3.7,60.0,1.3703,Cerah Berawan,Cerah Berawan
jatinangor,"Jatinangor, Sumedang",2026-08-09,32.11.15.2002,Hegarmanah,kecamatan,yes,-6.938,107.7556,Asia/Jakarta,"BMKG representative point: Hegarmanah, Kecamatan Jatinangor",09-08-2026,BMKG,BMKG,19:00,2026-08-09 19:00:00,21.0,72.0,0.0,3.7,0.0,1.8271,Cerah Berawan,Cerah Berawan
jatinangor,"Jatinangor, Sumedang",2026-08-09,32.11.15.2002,Hegarmanah,kecamatan,yes,-6.938,107.7556,Asia/Jakarta,"BMKG representative point: Hegarmanah, Kecamatan Jatinangor",09-08-2026,BMKG,BMKG,20:00,2026-08-09 19:00:00,21.0,72.0,0.0,3.7,60.0,1.3703,Cerah Berawan,Cerah Berawan
jatinangor,"Jatinangor, Sumedang",2026-08-09,32.11.15.2002,Hegarmanah,kecamatan,yes,-6.938,107.7556,Asia/Jakarta,"BMKG representative point: Hegarmanah, Kecamatan Jatinangor",09-08-2026,BMKG,BMKG,21:00,2026-08-09 22:00:00,21.0,85.0,0.0,1.6,60.0,1.3703,Cerah,Cerah
jatinangor,"Jatinangor, Sumedang",2026-08-09,32.11.15.2002,Hegarmanah,kecamatan,yes,-6.938,107.7556,Asia/Jakarta,"BMKG representative point: Hegarmanah, Kecamatan Jatinangor",09-08-2026,BMKG,BMKG,22:00,2026-08-09 22:00:00,21.0,85.0,0.0,1.6,0.0,1.8271,Cerah,Cerah
jatinangor,"Jatinangor, Sumedang",2026-08-09,32.11.15.2002,Hegarmanah,kecamatan,yes,-6.938,107.7556,Asia/Jakarta,"BMKG representative point: Hegarmanah, Kecamatan Jatinangor",09-08-2026,BMKG,BMKG,23:00,2026-08-09 22:00:00,21.0,85.0,0.0,1.6,60.0,1.3703,Cerah,Cerah
jatinangor,"Jatinangor, Sumedang",2026-08-09,32.11.15.2002,Hegarmanah,kecamatan,yes,-6.938,107.7556,Asia/Jakarta,"BMKG representative point: Hegarmanah, Kecamatan Jatinangor",09-08-2026,METNO,MET Norway,13:00,2026-08-09 15:00:00,28.8,41.4,0.0,10.8,120.0,0.7674,Cerah Berawan,fair_day
jatinangor,"Jatinangor, Sumedang",2026-08-09,32.11.15.2002,Hegarmanah,kecamatan,yes,-6.938,107.7556,Asia/Jakarta,"BMKG representative point: Hegarmanah, Kecamatan Jatinangor",09-08-2026,METNO,MET Norway,14:00,2026-08-09 15:00:00,28.8,41.4,0.0,10.8,60.0,1.0464,Cerah Berawan,fair_day
jatinangor,"Jatinangor, Sumedang",2026-08-09,32.11.15.2002,Hegarmanah,kecamatan,yes,-6.938,107.7556,Asia/Jakarta,"BMKG representative point: Hegarmanah, Kecamatan Jatinangor",09-08-2026,METNO,MET Norway,15:00,2026-08-09 15:00:00,28.8,41.4,0.0,10.8,0.0,1.3952,Cerah Berawan,fair_day
jatinangor,"Jatinangor, Sumedang",2026-08-09,32.11.15.2002,Hegarmanah,kecamatan,yes,-6.938,107.7556,Asia/Jakarta,"BMKG representative point: Hegarmanah, Kecamatan Jatinangor",09-08-2026,METNO,MET Norway,16:00,2026-08-09 16:00:00,27.7,45.0,0.0,10.8,0.0,1.3952,Cerah Berawan,partlycloudy_day
jatinangor,"Jatinangor, Sumedang",2026-08-09,32.11.15.2002,Hegarmanah,kecamatan,yes,-6.938,107.7556,Asia/Jakarta,"BMKG representative point: Hegarmanah, Kecamatan Jatinangor",09-08-2026,METNO,MET Norway,17:00,2026-08-09 17:00:00,25.9,51.0,0.0,10.8,0.0,1.3952,Cerah Berawan,partlycloudy_day
jatinangor,"Jatinangor, Sumedang",2026-08-09,32.11.15.2002,Hegarmanah,kecamatan,yes,-6.938,107.7556,Asia/Jakarta,"BMKG representative point: Hegarmanah, Kecamatan Jatinangor",09-08-2026,METNO,MET Norway,18:00,2026-08-09 18:00:00,23.1,63.3,0.0,7.92,0.0,1.3952,Cerah Berawan,partlycloudy_night
jatinangor,"Jatinangor, Sumedang",2026-08-09,32.11.15.2002,Hegarmanah,kecamatan,yes,-6.938,107.7556,Asia/Jakarta,"BMKG representative point: Hegarmanah, Kecamatan Jatinangor",09-08-2026,METNO,MET Norway,19:00,2026-08-09 19:00:00,22.0,70.0,0.0,7.2,0.0,1.3952,Cerah Berawan,partlycloudy_night
jatinangor,"Jatinangor, Sumedang",2026-08-09,32.11.15.2002,Hegarmanah,kecamatan,yes,-6.938,107.7556,Asia/Jakarta,"BMKG representative point: Hegarmanah, Kecamatan Jatinangor",09-08-2026,METNO,MET Norway,20:00,2026-08-09 20:00:00,20.8,77.1,0.0,6.84,0.0,1.3952,Cerah Berawan,partlycloudy_night
jatinangor,"Jatinangor, Sumedang",2026-08-09,32.11.15.2002,Hegarmanah,kecamatan,yes,-6.938,107.7556,Asia/Jakarta,"BMKG representative point: Hegarmanah, Kecamatan Jatinangor",09-08-2026,METNO,MET Norway,21:00,2026-08-09 21:00:00,20.0,82.2,0.0,5.76,0.0,1.3952,Cerah Berawan,partlycloudy_night
jatinangor,"Jatinangor, Sumedang",2026-08-09,32.11.15.2002,Hegarmanah,kecamatan,yes,-6.938,107.7556,Asia/Jakarta,"BMKG representative point: Hegarmanah, Kecamatan Jatinangor",09-08-2026,METNO,MET Norway,22:00,2026-08-09 22:00:00,19.1,86.7,0.0,5.04,0.0,1.3952,Cerah Berawan,partlycloudy_night
jatinangor,"Jatinangor, Sumedang",2026-08-09,32.11.15.2002,Hegarmanah,kecamatan,yes,-6.938,107.7556,Asia/Jakarta,"BMKG representative point: Hegarmanah, Kecamatan Jatinangor",09-08-2026,METNO,MET Norway,23:00,2026-08-09 23:00:00,18.2,92.2,0.0,6.12,0.0,1.3952,Cerah Berawan,partlycloudy_night
jatinangor,"Jatinangor, Sumedang",2026-08-10,32.11.15.2002,Hegarmanah,kecamatan,yes,-6.938,107.7556,Asia/Jakarta,"BMKG representative point: Hegarmanah, Kecamatan Jatinangor",10-08-2026,BMKG,BMKG,00:00,2026-08-10 01:00:00,21.0,96.0,0.0,3.0,60.0,1.3372,Cerah Berawan,Cerah Berawan
jatinangor,"Jatinangor, Sumedang",2026-08-10,32.11.15.2002,Hegarmanah,kecamatan,yes,-6.938,107.7556,Asia/Jakarta,"BMKG representative point: Hegarmanah, Kecamatan Jatinangor",10-08-2026,BMKG,BMKG,01:00,2026-08-10 01:00:00,21.0,96.0,0.0,3.0,0.0,1.783,Cerah Berawan,Cerah Berawan
jatinangor,"Jatinangor, Sumedang",2026-08-10,32.11.15.2002,Hegarmanah,kecamatan,yes,-6.938,107.7556,Asia/Jakarta,"BMKG representative point: Hegarmanah, Kecamatan Jatinangor",10-08-2026,BMKG,BMKG,02:00,2026-08-10 01:00:00,21.0,96.0,0.0,3.0,60.0,1.3372,Cerah Berawan,Cerah Berawan
jatinangor,"Jatinangor, Sumedang",2026-08-10,32.11.15.2002,Hegarmanah,kecamatan,yes,-6.938,107.7556,Asia/Jakarta,"BMKG representative point: Hegarmanah, Kecamatan Jatinangor",10-08-2026,BMKG,BMKG,03:00,2026-08-10 04:00:00,20.0,96.0,0.0,0.7,60.0,1.3372,Cerah Berawan,Cerah Berawan
jatinangor,"Jatinangor, Sumedang",2026-08-10,32.11.15.2002,Hegarmanah,kecamatan,yes,-6.938,107.7556,Asia/Jakarta,"BMKG representative point: Hegarmanah, Kecamatan Jatinangor",10-08-2026,BMKG,BMKG,04:00,2026-08-10 04:00:00,20.0,96.0,0.0,0.7,0.0,1.783,Cerah Berawan,Cerah Berawan
jatinangor,"Jatinangor, Sumedang",2026-08-10,32.11.15.2002,Hegarmanah,kecamatan,yes,-6.938,107.7556,Asia/Jakarta,"BMKG representative point: Hegarmanah, Kecamatan Jatinangor",10-08-2026,BMKG,BMKG,05:00,2026-08-10 04:00:00,20.0,96.0,0.0,0.7,60.0,1.3372,Cerah Berawan,Cerah Berawan
jatinangor,"Jatinangor, Sumedang",2026-08-10,32.11.15.2002,Hegarmanah,kecamatan,yes,-6.938,107.7556,Asia/Jakarta,"BMKG representative point: Hegarmanah, Kecamatan Jatinangor",10-08-2026,BMKG,BMKG,06:00,2026-08-10 07:00:00,21.0,81.0,0.0,0.8,60.0,1.3372,Cerah,Cerah
jatinangor,"Jatinangor, Sumedang",2026-08-10,32.11.15.2002,Hegarmanah,kecamatan,yes,-6.938,107.7556,Asia/Jakarta,"BMKG representative point: Hegarmanah, Kecamatan Jatinangor",10-08-2026,BMKG,BMKG,07:00,2026-08-10 07:00:00,21.0,81.0,0.0,0.8,0.0,1.783,Cerah,Cerah
jatinangor,"Jatinangor, Sumedang",2026-08-10,32.11.15.2002,Hegarmanah,kecamatan,yes,-6.938,107.7556,Asia/Jakarta,"BMKG representative point: Hegarmanah, Kecamatan Jatinangor",10-08-2026,BMKG,BMKG,08:00,2026-08-10 07:00:00,21.0,81.0,0.0,0.8,60.0,1.3372,Cerah,Cerah
jatinangor,"Jatinangor, Sumedang",2026-08-10,32.11.15.2002,Hegarmanah,kecamatan,yes,-6.938,107.7556,Asia/Jakarta,"BMKG representative point: Hegarmanah, Kecamatan Jatinangor",10-08-2026,BMKG,BMKG,09:00,2026-08-10 10:00:00,28.0,49.0,0.0,3.9,60.0,1.3372,Cerah,Cerah
jatinangor,"Jatinangor, Sumedang",2026-08-10,32.11.15.2002,Hegarmanah,kecamatan,yes,-6.938,107.7556,Asia/Jakarta,"BMKG representative point: Hegarmanah, Kecamatan Jatinangor",10-08-2026,BMKG,BMKG,10:00,2026-08-10 10:00:00,28.0,49.0,0.0,3.9,0.0,1.783,Cerah,Cerah
jatinangor,"Jatinangor, Sumedang",2026-08-10,32.11.15.2002,Hegarmanah,kecamatan,yes,-6.938,107.7556,Asia/Jakarta,"BMKG representative point: Hegarmanah, Kecamatan Jatinangor",10-08-2026,BMKG,BMKG,11:00,2026-08-10 10:00:00,28.0,49.0,0.0,3.9,60.0,1.3372,Cerah,Cerah
jatinangor,"Jatinangor, Sumedang",2026-08-10,32.11.15.2002,Hegarmanah,kecamatan,yes,-6.938,107.7556,Asia/Jakarta,"BMKG representative point: Hegarmanah, Kecamatan Jatinangor",10-08-2026,BMKG,BMKG,12:00,2026-08-10 13:00:00,30.0,44.0,0.0,7.1,60.0,1.3372,Cerah,Cerah
jatinangor,"Jatinangor, Sumedang",2026-08-10,32.11.15.2002,Hegarmanah,kecamatan,yes,-6.938,107.7556,Asia/Jakarta,"BMKG representative point: Hegarmanah, Kecamatan Jatinangor",10-08-2026,BMKG,BMKG,13:00,2026-08-10 13:00:00,30.0,44.0,0.0,7.1,0.0,1.783,Cerah,Cerah
jatinangor,"Jatinangor, Sumedang",2026-08-10,32.11.15.2002,Hegarmanah,kecamatan,yes,-6.938,107.7556,Asia/Jakarta,"BMKG representative point: Hegarmanah, Kecamatan Jatinangor",10-08-2026,BMKG,BMKG,14:00,2026-08-10 13:00:00,30.0,44.0,0.0,7.1,60.0,1.3372,Cerah,Cerah
jatinangor,"Jatinangor, Sumedang",2026-08-10,32.11.15.2002,Hegarmanah,kecamatan,yes,-6.938,107.7556,Asia/Jakarta,"BMKG representative point: Hegarmanah, Kecamatan Jatinangor",10-08-2026,BMKG,BMKG,15:00,2026-08-10 16:00:00,26.0,55.0,0.0,8.2,60.0,1.3372,Cerah Berawan,Cerah Berawan
jatinangor,"Jatinangor, Sumedang",2026-08-10,32.11.15.2002,Hegarmanah,kecamatan,yes,-6.938,107.7556,Asia/Jakarta,"BMKG representative point: Hegarmanah, Kecamatan Jatinangor",10-08-2026,BMKG,BMKG,16:00,2026-08-10 16:00:00,26.0,55.0,0.0,8.2,0.0,1.783,Cerah Berawan,Cerah Berawan
jatinangor,"Jatinangor, Sumedang",2026-08-10,32.11.15.2002,Hegarmanah,kecamatan,yes,-6.938,107.7556,Asia/Jakarta,"BMKG representative point: Hegarmanah, Kecamatan Jatinangor",10-08-2026,BMKG,BMKG,17:00,2026-08-10 16:00:00,26.0,55.0,0.0,8.2,60.0,1.3372,Cerah Berawan,Cerah Berawan
jatinangor,"Jatinangor, Sumedang",2026-08-10,32.11.15.2002,Hegarmanah,kecamatan,yes,-6.938,107.7556,Asia/Jakarta,"BMKG representative point: Hegarmanah, Kecamatan Jatinangor",10-08-2026,BMKG,BMKG,18:00,2026-08-10 19:00:00,22.0,73.0,0.0,3.9,60.0,1.3372,Cerah,Cerah
jatinangor,"Jatinangor, Sumedang",2026-08-10,32.11.15.2002,Hegarmanah,kecamatan,yes,-6.938,107.7556,Asia/Jakarta,"BMKG representative point: Hegarmanah, Kecamatan Jatinangor",10-08-2026,BMKG,BMKG,19:00,2026-08-10 19:00:00,22.0,73.0,0.0,3.9,0.0,1.783,Cerah,Cerah
jatinangor,"Jatinangor, Sumedang",2026-08-10,32.11.15.2002,Hegarmanah,kecamatan,yes,-6.938,107.7556,Asia/Jakarta,"BMKG representative point: Hegarmanah, Kecamatan Jatinangor",10-08-2026,BMKG,BMKG,20:00,2026-08-10 19:00:00,22.0,73.0,0.0,3.9,60.0,1.3372,Cerah,Cerah
jatinangor,"Jatinangor, Sumedang",2026-08-10,32.11.15.2002,Hegarmanah,kecamatan,yes,-6.938,107.7556,Asia/Jakarta,"BMKG representative point: Hegarmanah, Kecamatan Jatinangor",10-08-2026,BMKG,BMKG,21:00,2026-08-10 22:00:00,21.0,85.0,0.0,1.1,60.0,1.3372,Cerah Berawan,Cerah Berawan
jatinangor,"Jatinangor, Sumedang",2026-08-10,32.11.15.2002,Hegarmanah,kecamatan,yes,-6.938,107.7556,Asia/Jakarta,"BMKG representative point: Hegarmanah, Kecamatan Jatinangor",10-08-2026,BMKG,BMKG,22:00,2026-08-10 22:00:00,21.0,85.0,0.0,1.1,0.0,1.783,Cerah Berawan,Cerah Berawan
jatinangor,"Jatinangor, Sumedang",2026-08-10,32.11.15.2002,Hegarmanah,kecamatan,yes,-6.938,107.7556,Asia/Jakarta,"BMKG representative point: Hegarmanah, Kecamatan Jatinangor",10-08-2026,BMKG,BMKG,23:00,2026-08-10 22:00:00,21.0,85.0,0.0,1.1,60.0,1.3372,Cerah Berawan,Cerah Berawan
jatinangor,"Jatinangor, Sumedang",2026-08-10,32.11.15.2002,Hegarmanah,kecamatan,yes,-6.938,107.7556,Asia/Jakarta,"BMKG representative point: Hegarmanah, Kecamatan Jatinangor",10-08-2026,METNO,MET Norway,00:00,2026-08-10 00:00:00,17.4,96.8,0.0,7.2,0.0,1.3615,Berawan,fog
jatinangor,"Jatinangor, Sumedang",2026-08-10,32.11.15.2002,Hegarmanah,kecamatan,yes,-6.938,107.7556,Asia/Jakarta,"BMKG representative point: Hegarmanah, Kecamatan Jatinangor",10-08-2026,METNO,MET Norway,01:00,2026-08-10 01:00:00,16.6,98.2,0.0,8.64,0.0,1.3615,Berawan,fog
jatinangor,"Jatinangor, Sumedang",2026-08-10,32.11.15.2002,Hegarmanah,kecamatan,yes,-6.938,107.7556,Asia/Jakarta,"BMKG representative point: Hegarmanah, Kecamatan Jatinangor",10-08-2026,METNO,MET Norway,02:00,2026-08-10 02:00:00,16.2,98.4,0.0,9.72,0.0,1.3615,Berawan,fog
jatinangor,"Jatinangor, Sumedang",2026-08-10,32.11.15.2002,Hegarmanah,kecamatan,yes,-6.938,107.7556,Asia/Jakarta,"BMKG representative point: Hegarmanah, Kecamatan Jatinangor",10-08-2026,METNO,MET Norway,03:00,2026-08-10 03:00:00,15.5,98.7,0.0,10.44,0.0,1.3615,Berawan,fog
jatinangor,"Jatinangor, Sumedang",2026-08-10,32.11.15.2002,Hegarmanah,kecamatan,yes,-6.938,107.7556,Asia/Jakarta,"BMKG representative point: Hegarmanah, Kecamatan Jatinangor",10-08-2026,METNO,MET Norway,04:00,2026-08-10 04:00:00,14.8,98.7,0.0,10.08,0.0,1.3615,Berawan,fog
jatinangor,"Jatinangor, Sumedang",2026-08-10,32.11.15.2002,Hegarmanah,kecamatan,yes,-6.938,107.7556,Asia/Jakarta,"BMKG representative point: Hegarmanah, Kecamatan Jatinangor",10-08-2026,METNO,MET Norway,05:00,2026-08-10 05:00:00,14.6,97.9,0.0,9.0,0.0,1.3615,Berawan,fog
jatinangor,"Jatinangor, Sumedang",2026-08-10,32.11.15.2002,Hegarmanah,kecamatan,yes,-6.938,107.7556,Asia/Jakarta,"BMKG representative point: Hegarmanah, Kecamatan Jatinangor",10-08-2026,METNO,MET Norway,06:00,2026-08-10 06:00:00,14.4,97.8,0.0,7.56,0.0,1.3615,Berawan,fog
jatinangor,"Jatinangor, Sumedang",2026-08-10,32.11.15.2002,Hegarmanah,kecamatan,yes,-6.938,107.7556,Asia/Jakarta,"BMKG representative point: Hegarmanah, Kecamatan Jatinangor",10-08-2026,METNO,MET Norway,07:00,2026-08-10 07:00:00,17.0,90.9,0.0,6.48,0.0,1.3615,Berawan,fog
jatinangor,"Jatinangor, Sumedang",2026-08-10,32.11.15.2002,Hegarmanah,kecamatan,yes,-6.938,107.7556,Asia/Jakarta,"BMKG representative point: Hegarmanah, Kecamatan Jatinangor",10-08-2026,METNO,MET Norway,08:00,2026-08-10 08:00:00,20.5,73.2,0.0,3.6,0.0,1.3615,Cerah Berawan,fair_day
jatinangor,"Jatinangor, Sumedang",2026-08-10,32.11.15.2002,Hegarmanah,kecamatan,yes,-6.938,107.7556,Asia/Jakarta,"BMKG representative point: Hegarmanah, Kecamatan Jatinangor",10-08-2026,METNO,MET Norway,09:00,2026-08-10 09:00:00,23.8,57.3,0.0,4.68,0.0,1.3615,Cerah,clearsky_day
jatinangor,"Jatinangor, Sumedang",2026-08-10,32.11.15.2002,Hegarmanah,kecamatan,yes,-6.938,107.7556,Asia/Jakarta,"BMKG representative point: Hegarmanah, Kecamatan Jatinangor",10-08-2026,METNO,MET Norway,10:00,2026-08-10 10:00:00,25.9,50.1,0.0,6.12,0.0,1.3615,Cerah,clearsky_day
jatinangor,"Jatinangor, Sumedang",2026-08-10,32.11.15.2002,Hegarmanah,kecamatan,yes,-6.938,107.7556,Asia/Jakarta,"BMKG representative point: Hegarmanah, Kecamatan Jatinangor",10-08-2026,METNO,MET Norway,11:00,2026-08-10 11:00:00,27.3,48.5,0.0,6.48,0.0,1.3615,Cerah Berawan,partlycloudy_day
jatinangor,"Jatinangor, Sumedang",2026-08-10,32.11.15.2002,Hegarmanah,kecamatan,yes,-6.938,107.7556,Asia/Jakarta,"BMKG representative point: Hegarmanah, Kecamatan Jatinangor",10-08-2026,METNO,MET Norway,12:00,2026-08-10 12:00:00,28.3,48.0,0.0,7.56,0.0,1.3615,Cerah Berawan,fair_day
jatinangor,"Jatinangor, Sumedang",2026-08-10,32.11.15.2002,Hegarmanah,kecamatan,yes,-6.938,107.7556,Asia/Jakarta,"BMKG representative point: Hegarmanah, Kecamatan Jatinangor",10-08-2026,METNO,MET Norway,13:00,2026-08-10 13:00:00,28.9,47.4,0.0,8.64,0.0,1.3615,Cerah,clearsky_day
jatinangor,"Jatinangor, Sumedang",2026-08-10,32.11.15.2002,Hegarmanah,kecamatan,yes,-6.938,107.7556,Asia/Jakarta,"BMKG representative point: Hegarmanah, Kecamatan Jatinangor",10-08-2026,METNO,MET Norway,14:00,2026-08-10 14:00:00,28.9,47.9,0.0,10.08,0.0,1.3615,Cerah,clearsky_day
jatinangor,"Jatinangor, Sumedang",2026-08-10,32.11.15.2002,Hegarmanah,kecamatan,yes,-6.938,107.7556,Asia/Jakarta,"BMKG representative point: Hegarmanah, Kecamatan Jatinangor",10-08-2026,METNO,MET Norway,15:00,2026-08-10 15:00:00,28.3,49.4,0.0,10.08,0.0,1.3615,Cerah Berawan,fair_day
jatinangor,"Jatinangor, Sumedang",2026-08-10,32.11.15.2002,Hegarmanah,kecamatan,yes,-6.938,107.7556,Asia/Jakarta,"BMKG representative point: Hegarmanah, Kecamatan Jatinangor",10-08-2026,METNO,MET Norway,16:00,2026-08-10 16:00:00,27.4,51.1,0.0,9.72,0.0,1.3615,Cerah,clearsky_day
jatinangor,"Jatinangor, Sumedang",2026-08-10,32.11.15.2002,Hegarmanah,kecamatan,yes,-6.938,107.7556,Asia/Jakarta,"BMKG representative point: Hegarmanah, Kecamatan Jatinangor",10-08-2026,METNO,MET Norway,17:00,2026-08-10 17:00:00,25.7,56.4,0.0,9.72,0.0,1.3615,Cerah,clearsky_day
jatinangor,"Jatinangor, Sumedang",2026-08-10,32.11.15.2002,Hegarmanah,kecamatan,yes,-6.938,107.7556,Asia/Jakarta,"BMKG representative point: Hegarmanah, Kecamatan Jatinangor",10-08-2026,METNO,MET Norway,18:00,2026-08-10 18:00:00,23.4,65.9,0.0,7.56,0.0,1.3615,Cerah,clearsky_night
jatinangor,"Jatinangor, Sumedang",2026-08-10,32.11.15.2002,Hegarmanah,kecamatan,yes,-6.938,107.7556,Asia/Jakarta,"BMKG representative point: Hegarmanah, Kecamatan Jatinangor",10-08-2026,METNO,MET Norway,19:00,2026-08-10 19:00:00,22.3,70.7,0.0,4.68,0.0,1.3615,Cerah Berawan,fair_night
jatinangor,"Jatinangor, Sumedang",2026-08-10,32.11.15.2002,Hegarmanah,kecamatan,yes,-6.938,107.7556,Asia/Jakarta,"BMKG representative point: Hegarmanah, Kecamatan Jatinangor",10-08-2026,METNO,MET Norway,20:00,2026-08-10 20:00:00,21.2,77.6,0.0,4.68,0.0,1.3615,Cerah Berawan,partlycloudy_night
jatinangor,"Jatinangor, Sumedang",2026-08-10,32.11.15.2002,Hegarmanah,kecamatan,yes,-6.938,107.7556,Asia/Jakarta,"BMKG representative point: Hegarmanah, Kecamatan Jatinangor",10-08-2026,METNO,MET Norway,21:00,2026-08-10 21:00:00,20.4,82.8,0.0,5.04,0.0,1.3615,Cerah,clearsky_night
jatinangor,"Jatinangor, Sumedang",2026-08-10,32.11.15.2002,Hegarmanah,kecamatan,yes,-6.938,107.7556,Asia/Jakarta,"BMKG representative point: Hegarmanah, Kecamatan Jatinangor",10-08-2026,METNO,MET Norway,22:00,2026-08-10 22:00:00,19.7,86.8,0.0,5.76,0.0,1.3615,Cerah,clearsky_night
jatinangor,"Jatinangor, Sumedang",2026-08-10,32.11.15.2002,Hegarmanah,kecamatan,yes,-6.938,107.7556,Asia/Jakarta,"BMKG representative point: Hegarmanah, Kecamatan Jatinangor",10-08-2026,METNO,MET Norway,23:00,2026-08-10 23:00:00,19.0,90.8,0.0,5.4,0.0,1.3615,Cerah,clearsky_night
jatinangor,"Jatinangor, Sumedang",2026-08-11,32.11.15.2002,Hegarmanah,kecamatan,yes,-6.938,107.7556,Asia/Jakarta,"BMKG representative point: Hegarmanah, Kecamatan Jatinangor",11-08-2026,BMKG,BMKG,00:00,2026-08-11 01:00:00,21.0,95.0,0.0,3.6,60.0,1.3552,Cerah Berawan,Cerah Berawan
jatinangor,"Jatinangor, Sumedang",2026-08-11,32.11.15.2002,Hegarmanah,kecamatan,yes,-6.938,107.7556,Asia/Jakarta,"BMKG representative point: Hegarmanah, Kecamatan Jatinangor",11-08-2026,BMKG,BMKG,01:00,2026-08-11 01:00:00,21.0,95.0,0.0,3.6,0.0,1.8069,Cerah Berawan,Cerah Berawan
jatinangor,"Jatinangor, Sumedang",2026-08-11,32.11.15.2002,Hegarmanah,kecamatan,yes,-6.938,107.7556,Asia/Jakarta,"BMKG representative point: Hegarmanah, Kecamatan Jatinangor",11-08-2026,BMKG,BMKG,02:00,2026-08-11 01:00:00,21.0,95.0,0.0,3.6,60.0,1.3552,Cerah Berawan,Cerah Berawan
jatinangor,"Jatinangor, Sumedang",2026-08-11,32.11.15.2002,Hegarmanah,kecamatan,yes,-6.938,107.7556,Asia/Jakarta,"BMKG representative point: Hegarmanah, Kecamatan Jatinangor",11-08-2026,BMKG,BMKG,03:00,2026-08-11 04:00:00,19.0,95.0,0.0,2.6,60.0,1.3552,Cerah Berawan,Cerah Berawan
jatinangor,"Jatinangor, Sumedang",2026-08-11,32.11.15.2002,Hegarmanah,kecamatan,yes,-6.938,107.7556,Asia/Jakarta,"BMKG representative point: Hegarmanah, Kecamatan Jatinangor",11-08-2026,BMKG,BMKG,04:00,2026-08-11 04:00:00,19.0,95.0,0.0,2.6,0.0,1.8069,Cerah Berawan,Cerah Berawan
jatinangor,"Jatinangor, Sumedang",2026-08-11,32.11.15.2002,Hegarmanah,kecamatan,yes,-6.938,107.7556,Asia/Jakarta,"BMKG representative point: Hegarmanah, Kecamatan Jatinangor",11-08-2026,BMKG,BMKG,05:00,2026-08-11 04:00:00,19.0,95.0,0.0,2.6,60.0,1.3552,Cerah Berawan,Cerah Berawan
jatinangor,"Jatinangor, Sumedang",2026-08-11,32.11.15.2002,Hegarmanah,kecamatan,yes,-6.938,107.7556,Asia/Jakarta,"BMKG representative point: Hegarmanah, Kecamatan Jatinangor",11-08-2026,BMKG,BMKG,06:00,2026-08-11 07:00:00,22.0,75.0,0.0,2.7,60.0,1.3552,Cerah,Cerah
jatinangor,"Jatinangor, Sumedang",2026-08-11,32.11.15.2002,Hegarmanah,kecamatan,yes,-6.938,107.7556,Asia/Jakarta,"BMKG representative point: Hegarmanah, Kecamatan Jatinangor",11-08-2026,BMKG,BMKG,07:00,2026-08-11 07:00:00,22.0,75.0,0.0,2.7,0.0,1.8069,Cerah,Cerah
jatinangor,"Jatinangor, Sumedang",2026-08-11,32.11.15.2002,Hegarmanah,kecamatan,yes,-6.938,107.7556,Asia/Jakarta,"BMKG representative point: Hegarmanah, Kecamatan Jatinangor",11-08-2026,BMKG,BMKG,08:00,2026-08-11 07:00:00,22.0,75.0,0.0,2.7,60.0,1.3552,Cerah,Cerah
jatinangor,"Jatinangor, Sumedang",2026-08-11,32.11.15.2002,Hegarmanah,kecamatan,yes,-6.938,107.7556,Asia/Jakarta,"BMKG representative point: Hegarmanah, Kecamatan Jatinangor",11-08-2026,BMKG,BMKG,09:00,2026-08-11 10:00:00,29.0,40.0,0.0,8.2,60.0,1.3552,Cerah,Cerah
jatinangor,"Jatinangor, Sumedang",2026-08-11,32.11.15.2002,Hegarmanah,kecamatan,yes,-6.938,107.7556,Asia/Jakarta,"BMKG representative point: Hegarmanah, Kecamatan Jatinangor",11-08-2026,BMKG,BMKG,10:00,2026-08-11 10:00:00,29.0,40.0,0.0,8.2,0.0,1.8069,Cerah,Cerah
jatinangor,"Jatinangor, Sumedang",2026-08-11,32.11.15.2002,Hegarmanah,kecamatan,yes,-6.938,107.7556,Asia/Jakarta,"BMKG representative point: Hegarmanah, Kecamatan Jatinangor",11-08-2026,BMKG,BMKG,11:00,2026-08-11 10:00:00,29.0,40.0,0.0,8.2,60.0,1.3552,Cerah,Cerah
jatinangor,"Jatinangor, Sumedang",2026-08-11,32.11.15.2002,Hegarmanah,kecamatan,yes,-6.938,107.7556,Asia/Jakarta,"BMKG representative point: Hegarmanah, Kecamatan Jatinangor",11-08-2026,BMKG,BMKG,12:00,2026-08-11 13:00:00,31.0,38.0,0.0,8.2,60.0,1.3552,Cerah,Cerah
jatinangor,"Jatinangor, Sumedang",2026-08-11,32.11.15.2002,Hegarmanah,kecamatan,yes,-6.938,107.7556,Asia/Jakarta,"BMKG representative point: Hegarmanah, Kecamatan Jatinangor",11-08-2026,BMKG,BMKG,13:00,2026-08-11 13:00:00,31.0,38.0,0.0,8.2,0.0,1.8069,Cerah,Cerah
jatinangor,"Jatinangor, Sumedang",2026-08-11,32.11.15.2002,Hegarmanah,kecamatan,yes,-6.938,107.7556,Asia/Jakarta,"BMKG representative point: Hegarmanah, Kecamatan Jatinangor",11-08-2026,BMKG,BMKG,14:00,2026-08-11 13:00:00,31.0,38.0,0.0,8.2,60.0,1.3552,Cerah,Cerah
jatinangor,"Jatinangor, Sumedang",2026-08-11,32.11.15.2002,Hegarmanah,kecamatan,yes,-6.938,107.7556,Asia/Jakarta,"BMKG representative point: Hegarmanah, Kecamatan Jatinangor",11-08-2026,BMKG,BMKG,15:00,2026-08-11 16:00:00,26.0,51.0,0.0,4.2,60.0,1.3552,Cerah,Cerah
jatinangor,"Jatinangor, Sumedang",2026-08-11,32.11.15.2002,Hegarmanah,kecamatan,yes,-6.938,107.7556,Asia/Jakarta,"BMKG representative point: Hegarmanah, Kecamatan Jatinangor",11-08-2026,BMKG,BMKG,16:00,2026-08-11 16:00:00,26.0,51.0,0.0,4.2,0.0,1.8069,Cerah,Cerah
jatinangor,"Jatinangor, Sumedang",2026-08-11,32.11.15.2002,Hegarmanah,kecamatan,yes,-6.938,107.7556,Asia/Jakarta,"BMKG representative point: Hegarmanah, Kecamatan Jatinangor",11-08-2026,BMKG,BMKG,17:00,2026-08-11 16:00:00,26.0,51.0,0.0,4.2,60.0,1.3552,Cerah,Cerah
jatinangor,"Jatinangor, Sumedang",2026-08-11,32.11.15.2002,Hegarmanah,kecamatan,yes,-6.938,107.7556,Asia/Jakarta,"BMKG representative point: Hegarmanah, Kecamatan Jatinangor",11-08-2026,BMKG,BMKG,18:00,2026-08-11 19:00:00,20.0,78.0,0.0,4.2,60.0,1.3552,Cerah,Cerah
jatinangor,"Jatinangor, Sumedang",2026-08-11,32.11.15.2002,Hegarmanah,kecamatan,yes,-6.938,107.7556,Asia/Jakarta,"BMKG representative point: Hegarmanah, Kecamatan Jatinangor",11-08-2026,BMKG,BMKG,19:00,2026-08-11 19:00:00,20.0,78.0,0.0,4.2,0.0,1.8069,Cerah,Cerah
jatinangor,"Jatinangor, Sumedang",2026-08-11,32.11.15.2002,Hegarmanah,kecamatan,yes,-6.938,107.7556,Asia/Jakarta,"BMKG representative point: Hegarmanah, Kecamatan Jatinangor",11-08-2026,BMKG,BMKG,20:00,2026-08-11 19:00:00,20.0,78.0,0.0,4.2,60.0,1.3552,Cerah,Cerah
jatinangor,"Jatinangor, Sumedang",2026-08-11,32.11.15.2002,Hegarmanah,kecamatan,yes,-6.938,107.7556,Asia/Jakarta,"BMKG representative point: Hegarmanah, Kecamatan Jatinangor",11-08-2026,BMKG,BMKG,21:00,2026-08-11 22:00:00,18.0,87.0,0.0,2.1,60.0,1.3552,Cerah,Cerah
jatinangor,"Jatinangor, Sumedang",2026-08-11,32.11.15.2002,Hegarmanah,kecamatan,yes,-6.938,107.7556,Asia/Jakarta,"BMKG representative point: Hegarmanah, Kecamatan Jatinangor",11-08-2026,BMKG,BMKG,22:00,2026-08-11 22:00:00,18.0,87.0,0.0,2.1,0.0,1.8069,Cerah,Cerah
jatinangor,"Jatinangor, Sumedang",2026-08-11,32.11.15.2002,Hegarmanah,kecamatan,yes,-6.938,107.7556,Asia/Jakarta,"BMKG representative point: Hegarmanah, Kecamatan Jatinangor",11-08-2026,BMKG,BMKG,23:00,2026-08-11 22:00:00,18.0,87.0,0.0,2.1,60.0,1.3552,Cerah,Cerah
jatinangor,"Jatinangor, Sumedang",2026-08-11,32.11.15.2002,Hegarmanah,kecamatan,yes,-6.938,107.7556,Asia/Jakarta,"BMKG representative point: Hegarmanah, Kecamatan Jatinangor",11-08-2026,METNO,MET Norway,00:00,2026-08-11 00:00:00,18.3,94.5,0.0,5.4,0.0,1.3799,Cerah Berawan,fair_night
jatinangor,"Jatinangor, Sumedang",2026-08-11,32.11.15.2002,Hegarmanah,kecamatan,yes,-6.938,107.7556,Asia/Jakarta,"BMKG representative point: Hegarmanah, Kecamatan Jatinangor",11-08-2026,METNO,MET Norway,01:00,2026-08-11 01:00:00,18.1,97.7,0.0,6.84,0.0,1.3799,Berawan,fog
jatinangor,"Jatinangor, Sumedang",2026-08-11,32.11.15.2002,Hegarmanah,kecamatan,yes,-6.938,107.7556,Asia/Jakarta,"BMKG representative point: Hegarmanah, Kecamatan Jatinangor",11-08-2026,METNO,MET Norway,02:00,2026-08-11 02:00:00,18.3,99.0,0.0,7.2,0.0,1.3799,Berawan,fog
jatinangor,"Jatinangor, Sumedang",2026-08-11,32.11.15.2002,Hegarmanah,kecamatan,yes,-6.938,107.7556,Asia/Jakarta,"BMKG representative point: Hegarmanah, Kecamatan Jatinangor",11-08-2026,METNO,MET Norway,03:00,2026-08-11 03:00:00,18.5,98.4,0.0,8.28,0.0,1.3799,Berawan,fog
jatinangor,"Jatinangor, Sumedang",2026-08-11,32.11.15.2002,Hegarmanah,kecamatan,yes,-6.938,107.7556,Asia/Jakarta,"BMKG representative point: Hegarmanah, Kecamatan Jatinangor",11-08-2026,METNO,MET Norway,04:00,2026-08-11 04:00:00,18.2,98.8,0.0,8.28,0.0,1.3799,Berawan,fog
jatinangor,"Jatinangor, Sumedang",2026-08-11,32.11.15.2002,Hegarmanah,kecamatan,yes,-6.938,107.7556,Asia/Jakarta,"BMKG representative point: Hegarmanah, Kecamatan Jatinangor",11-08-2026,METNO,MET Norway,05:00,2026-08-11 05:00:00,17.9,99.0,0.0,8.28,0.0,1.3799,Berawan,fog
jatinangor,"Jatinangor, Sumedang",2026-08-11,32.11.15.2002,Hegarmanah,kecamatan,yes,-6.938,107.7556,Asia/Jakarta,"BMKG representative point: Hegarmanah, Kecamatan Jatinangor",11-08-2026,METNO,MET Norway,06:00,2026-08-11 06:00:00,17.5,97.9,0.0,8.28,0.0,1.3799,Berawan,fog
jatinangor,"Jatinangor, Sumedang",2026-08-11,32.11.15.2002,Hegarmanah,kecamatan,yes,-6.938,107.7556,Asia/Jakarta,"BMKG representative point: Hegarmanah, Kecamatan Jatinangor",11-08-2026,METNO,MET Norway,07:00,2026-08-11 07:00:00,18.4,94.9,0.0,7.92,0.0,1.3799,Berawan,fog
jatinangor,"Jatinangor, Sumedang",2026-08-11,32.11.15.2002,Hegarmanah,kecamatan,yes,-6.938,107.7556,Asia/Jakarta,"BMKG representative point: Hegarmanah, Kecamatan Jatinangor",11-08-2026,METNO,MET Norway,08:00,2026-08-11 08:00:00,20.9,83.1,0.0,5.4,0.0,1.3799,Cerah Berawan,fair_day
jatinangor,"Jatinangor, Sumedang",2026-08-11,32.11.15.2002,Hegarmanah,kecamatan,yes,-6.938,107.7556,Asia/Jakarta,"BMKG representative point: Hegarmanah, Kecamatan Jatinangor",11-08-2026,METNO,MET Norway,09:00,2026-08-11 09:00:00,23.9,62.5,0.0,5.4,0.0,1.3799,Cerah,clearsky_day
jatinangor,"Jatinangor, Sumedang",2026-08-11,32.11.15.2002,Hegarmanah,kecamatan,yes,-6.938,107.7556,Asia/Jakarta,"BMKG representative point: Hegarmanah, Kecamatan Jatinangor",11-08-2026,METNO,MET Norway,10:00,2026-08-11 10:00:00,25.9,54.9,0.0,5.04,0.0,1.3799,Cerah,clearsky_day
jatinangor,"Jatinangor, Sumedang",2026-08-11,32.11.15.2002,Hegarmanah,kecamatan,yes,-6.938,107.7556,Asia/Jakarta,"BMKG representative point: Hegarmanah, Kecamatan Jatinangor",11-08-2026,METNO,MET Norway,11:00,2026-08-11 11:00:00,27.6,48.9,0.0,6.48,0.0,1.3799,Cerah Berawan,fair_day
jatinangor,"Jatinangor, Sumedang",2026-08-11,32.11.15.2002,Hegarmanah,kecamatan,yes,-6.938,107.7556,Asia/Jakarta,"BMKG representative point: Hegarmanah, Kecamatan Jatinangor",11-08-2026,METNO,MET Norway,12:00,2026-08-11 12:00:00,28.8,45.7,0.0,7.92,0.0,1.3799,Cerah,clearsky_day
jatinangor,"Jatinangor, Sumedang",2026-08-11,32.11.15.2002,Hegarmanah,kecamatan,yes,-6.938,107.7556,Asia/Jakarta,"BMKG representative point: Hegarmanah, Kecamatan Jatinangor",11-08-2026,METNO,MET Norway,13:00,2026-08-11 13:00:00,29.5,44.1,0.0,8.28,0.0,1.3799,Cerah,clearsky_day
jatinangor,"Jatinangor, Sumedang",2026-08-11,32.11.15.2002,Hegarmanah,kecamatan,yes,-6.938,107.7556,Asia/Jakarta,"BMKG representative point: Hegarmanah, Kecamatan Jatinangor",11-08-2026,METNO,MET Norway,14:00,2026-08-11 14:00:00,29.6,45.1,0.0,10.08,0.0,1.3799,Cerah Berawan,fair_day
jatinangor,"Jatinangor, Sumedang",2026-08-11,32.11.15.2002,Hegarmanah,kecamatan,yes,-6.938,107.7556,Asia/Jakarta,"BMKG representative point: Hegarmanah, Kecamatan Jatinangor",11-08-2026,METNO,MET Norway,15:00,2026-08-11 15:00:00,29.0,46.6,0.0,12.6,0.0,1.3799,Cerah Berawan,partlycloudy_day
jatinangor,"Jatinangor, Sumedang",2026-08-11,32.11.15.2002,Hegarmanah,kecamatan,yes,-6.938,107.7556,Asia/Jakarta,"BMKG representative point: Hegarmanah, Kecamatan Jatinangor",11-08-2026,METNO,MET Norway,16:00,2026-08-11 16:00:00,28.2,49.9,0.0,13.68,0.0,1.3799,Cerah Berawan,partlycloudy_day
jatinangor,"Jatinangor, Sumedang",2026-08-11,32.11.15.2002,Hegarmanah,kecamatan,yes,-6.938,107.7556,Asia/Jakarta,"BMKG representative point: Hegarmanah, Kecamatan Jatinangor",11-08-2026,METNO,MET Norway,17:00,2026-08-11 17:00:00,26.5,55.5,0.0,12.24,0.0,1.3799,Cerah Berawan,partlycloudy_day
jatinangor,"Jatinangor, Sumedang",2026-08-11,32.11.15.2002,Hegarmanah,kecamatan,yes,-6.938,107.7556,Asia/Jakarta,"BMKG representative point: Hegarmanah, Kecamatan Jatinangor",11-08-2026,METNO,MET Norway,18:00,2026-08-11 18:00:00,23.9,66.2,0.0,9.36,0.0,1.3799,Cerah,clearsky_night
jatinangor,"Jatinangor, Sumedang",2026-08-11,32.11.15.2002,Hegarmanah,kecamatan,yes,-6.938,107.7556,Asia/Jakarta,"BMKG representative point: Hegarmanah, Kecamatan Jatinangor",11-08-2026,METNO,MET Norway,19:00,2026-08-11 19:00:00,22.4,73.3,0.0,9.72,0.0,1.3799,Cerah,clearsky_night
jatinangor,"Jatinangor, Sumedang",2026-08-11,32.11.15.2002,Hegarmanah,kecamatan,yes,-6.938,107.7556,Asia/Jakarta,"BMKG representative point: Hegarmanah, Kecamatan Jatinangor",11-08-2026,METNO,MET Norway,20:00,2026-08-11 20:00:00,21.1,80.5,0.0,9.36,0.0,1.3799,Cerah,clearsky_night
jatinangor,"Jatinangor, Sumedang",2026-08-11,32.11.15.2002,Hegarmanah,kecamatan,yes,-6.938,107.7556,Asia/Jakarta,"BMKG representative point: Hegarmanah, Kecamatan Jatinangor",11-08-2026,METNO,MET Norway,21:00,2026-08-11 21:00:00,19.8,87.4,0.0,8.28,0.0,1.3799,Cerah Berawan,fair_night
jatinangor,"Jatinangor, Sumedang",2026-08-11,32.11.15.2002,Hegarmanah,kecamatan,yes,-6.938,107.7556,Asia/Jakarta,"BMKG representative point: Hegarmanah, Kecamatan Jatinangor",11-08-2026,METNO,MET Norway,22:00,2026-08-11 22:00:00,18.6,92.2,0.0,8.64,0.0,1.3799,Cerah,clearsky_night
jatinangor,"Jatinangor, Sumedang",2026-08-11,32.11.15.2002,Hegarmanah,kecamatan,yes,-6.938,107.7556,Asia/Jakarta,"BMKG representative point: Hegarmanah, Kecamatan Jatinangor",11-08-2026,METNO,MET Norway,23:00,2026-08-11 23:00:00,17.7,91.7,0.0,9.36,0.0,1.3799,Cerah Berawan,fair_night
arjawinangun,"Arjawinangun, Cirebon",2026-08-09,32.09.24.2004,Arjawinangun,kecamatan,no,-6.6453,108.4103,Asia/Jakarta,"BMKG point: Arjawinangun, Kecamatan Arjawinangun",09-08-2026,BMKG,BMKG,13:00,2026-08-09 16:00:00,29.0,55.0,0.0,13.9,180.0,0.9859,Cerah,Cerah
arjawinangun,"Arjawinangun, Cirebon",2026-08-09,32.09.24.2004,Arjawinangun,kecamatan,no,-6.6453,108.4103,Asia/Jakarta,"BMKG point: Arjawinangun, Kecamatan Arjawinangun",09-08-2026,BMKG,BMKG,14:00,2026-08-09 16:00:00,29.0,55.0,0.0,13.9,120.0,0.9859,Cerah,Cerah
arjawinangun,"Arjawinangun, Cirebon",2026-08-09,32.09.24.2004,Arjawinangun,kecamatan,no,-6.6453,108.4103,Asia/Jakarta,"BMKG point: Arjawinangun, Kecamatan Arjawinangun",09-08-2026,BMKG,BMKG,15:00,2026-08-09 16:00:00,29.0,55.0,0.0,13.9,60.0,1.3444,Cerah,Cerah
arjawinangun,"Arjawinangun, Cirebon",2026-08-09,32.09.24.2004,Arjawinangun,kecamatan,no,-6.6453,108.4103,Asia/Jakarta,"BMKG point: Arjawinangun, Kecamatan Arjawinangun",09-08-2026,BMKG,BMKG,16:00,2026-08-09 16:00:00,29.0,55.0,0.0,13.9,0.0,1.7925,Cerah,Cerah
arjawinangun,"Arjawinangun, Cirebon",2026-08-09,32.09.24.2004,Arjawinangun,kecamatan,no,-6.6453,108.4103,Asia/Jakarta,"BMKG point: Arjawinangun, Kecamatan Arjawinangun",09-08-2026,BMKG,BMKG,17:00,2026-08-09 16:00:00,29.0,55.0,0.0,13.9,60.0,1.3444,Cerah,Cerah
arjawinangun,"Arjawinangun, Cirebon",2026-08-09,32.09.24.2004,Arjawinangun,kecamatan,no,-6.6453,108.4103,Asia/Jakarta,"BMKG point: Arjawinangun, Kecamatan Arjawinangun",09-08-2026,BMKG,BMKG,18:00,2026-08-09 19:00:00,26.0,71.0,0.0,6.3,60.0,1.3444,Cerah,Cerah
arjawinangun,"Arjawinangun, Cirebon",2026-08-09,32.09.24.2004,Arjawinangun,kecamatan,no,-6.6453,108.4103,Asia/Jakarta,"BMKG point: Arjawinangun, Kecamatan Arjawinangun",09-08-2026,BMKG,BMKG,19:00,2026-08-09 19:00:00,26.0,71.0,0.0,6.3,0.0,1.7925,Cerah,Cerah
arjawinangun,"Arjawinangun, Cirebon",2026-08-09,32.09.24.2004,Arjawinangun,kecamatan,no,-6.6453,108.4103,Asia/Jakarta,"BMKG point: Arjawinangun, Kecamatan Arjawinangun",09-08-2026,BMKG,BMKG,20:00,2026-08-09 19:00:00,26.0,71.0,0.0,6.3,60.0,1.3444,Cerah,Cerah
arjawinangun,"Arjawinangun, Cirebon",2026-08-09,32.09.24.2004,Arjawinangun,kecamatan,no,-6.6453,108.4103,Asia/Jakarta,"BMKG point: Arjawinangun, Kecamatan Arjawinangun",09-08-2026,BMKG,BMKG,21:00,2026-08-09 22:00:00,24.0,76.0,0.0,4.0,60.0,1.3444,Cerah,Cerah
arjawinangun,"Arjawinangun, Cirebon",2026-08-09,32.09.24.2004,Arjawinangun,kecamatan,no,-6.6453,108.4103,Asia/Jakarta,"BMKG point: Arjawinangun, Kecamatan Arjawinangun",09-08-2026,BMKG,BMKG,22:00,2026-08-09 22:00:00,24.0,76.0,0.0,4.0,0.0,1.7925,Cerah,Cerah
arjawinangun,"Arjawinangun, Cirebon",2026-08-09,32.09.24.2004,Arjawinangun,kecamatan,no,-6.6453,108.4103,Asia/Jakarta,"BMKG point: Arjawinangun, Kecamatan Arjawinangun",09-08-2026,BMKG,BMKG,23:00,2026-08-09 22:00:00,24.0,76.0,0.0,4.0,60.0,1.3444,Cerah,Cerah
arjawinangun,"Arjawinangun, Cirebon",2026-08-09,32.09.24.2004,Arjawinangun,kecamatan,no,-6.6453,108.4103,Asia/Jakarta,"BMKG point: Arjawinangun, Kecamatan Arjawinangun",09-08-2026,METNO,MET Norway,13:00,2026-08-09 15:00:00,31.9,45.2,0.0,19.44,120.0,0.7729,Cerah Berawan,partlycloudy_day
arjawinangun,"Arjawinangun, Cirebon",2026-08-09,32.09.24.2004,Arjawinangun,kecamatan,no,-6.6453,108.4103,Asia/Jakarta,"BMKG point: Arjawinangun, Kecamatan Arjawinangun",09-08-2026,METNO,MET Norway,14:00,2026-08-09 15:00:00,31.9,45.2,0.0,19.44,60.0,1.0539,Cerah Berawan,partlycloudy_day
arjawinangun,"Arjawinangun, Cirebon",2026-08-09,32.09.24.2004,Arjawinangun,kecamatan,no,-6.6453,108.4103,Asia/Jakarta,"BMKG point: Arjawinangun, Kecamatan Arjawinangun",09-08-2026,METNO,MET Norway,15:00,2026-08-09 15:00:00,31.9,45.2,0.0,19.44,0.0,1.4053,Cerah Berawan,partlycloudy_day
arjawinangun,"Arjawinangun, Cirebon",2026-08-09,32.09.24.2004,Arjawinangun,kecamatan,no,-6.6453,108.4103,Asia/Jakarta,"BMKG point: Arjawinangun, Kecamatan Arjawinangun",09-08-2026,METNO,MET Norway,16:00,2026-08-09 16:00:00,30.4,52.1,0.0,17.64,0.0,1.4053,Cerah Berawan,partlycloudy_day
arjawinangun,"Arjawinangun, Cirebon",2026-08-09,32.09.24.2004,Arjawinangun,kecamatan,no,-6.6453,108.4103,Asia/Jakarta,"BMKG point: Arjawinangun, Kecamatan Arjawinangun",09-08-2026,METNO,MET Norway,17:00,2026-08-09 17:00:00,29.1,57.5,0.0,15.48,0.0,1.4053,Cerah Berawan,partlycloudy_day
arjawinangun,"Arjawinangun, Cirebon",2026-08-09,32.09.24.2004,Arjawinangun,kecamatan,no,-6.6453,108.4103,Asia/Jakarta,"BMKG point: Arjawinangun, Kecamatan Arjawinangun",09-08-2026,METNO,MET Norway,18:00,2026-08-09 18:00:00,28.0,60.9,0.0,11.52,0.0,1.4053,Cerah Berawan,partlycloudy_night
arjawinangun,"Arjawinangun, Cirebon",2026-08-09,32.09.24.2004,Arjawinangun,kecamatan,no,-6.6453,108.4103,Asia/Jakarta,"BMKG point: Arjawinangun, Kecamatan Arjawinangun",09-08-2026,METNO,MET Norway,19:00,2026-08-09 19:00:00,27.5,64.6,0.0,9.36,0.0,1.4053,Cerah Berawan,partlycloudy_night
arjawinangun,"Arjawinangun, Cirebon",2026-08-09,32.09.24.2004,Arjawinangun,kecamatan,no,-6.6453,108.4103,Asia/Jakarta,"BMKG point: Arjawinangun, Kecamatan Arjawinangun",09-08-2026,METNO,MET Norway,20:00,2026-08-09 20:00:00,27.2,67.8,0.0,10.44,0.0,1.4053,Cerah Berawan,partlycloudy_night
arjawinangun,"Arjawinangun, Cirebon",2026-08-09,32.09.24.2004,Arjawinangun,kecamatan,no,-6.6453,108.4103,Asia/Jakarta,"BMKG point: Arjawinangun, Kecamatan Arjawinangun",09-08-2026,METNO,MET Norway,21:00,2026-08-09 21:00:00,26.6,69.5,0.0,12.96,0.0,1.4053,Cerah Berawan,partlycloudy_night
arjawinangun,"Arjawinangun, Cirebon",2026-08-09,32.09.24.2004,Arjawinangun,kecamatan,no,-6.6453,108.4103,Asia/Jakarta,"BMKG point: Arjawinangun, Kecamatan Arjawinangun",09-08-2026,METNO,MET Norway,22:00,2026-08-09 22:00:00,25.9,71.8,0.0,9.72,0.0,1.4053,Cerah Berawan,fair_night
arjawinangun,"Arjawinangun, Cirebon",2026-08-09,32.09.24.2004,Arjawinangun,kecamatan,no,-6.6453,108.4103,Asia/Jakarta,"BMKG point: Arjawinangun, Kecamatan Arjawinangun",09-08-2026,METNO,MET Norway,23:00,2026-08-09 23:00:00,25.1,73.1,0.0,9.72,0.0,1.4053,Cerah Berawan,partlycloudy_night
arjawinangun,"Arjawinangun, Cirebon",2026-08-10,32.09.24.2004,Arjawinangun,kecamatan,no,-6.6453,108.4103,Asia/Jakarta,"BMKG point: Arjawinangun, Kecamatan Arjawinangun",10-08-2026,BMKG,BMKG,00:00,2026-08-10 01:00:00,21.0,84.0,0.0,2.9,60.0,1.312,Cerah Berawan,Cerah Berawan
arjawinangun,"Arjawinangun, Cirebon",2026-08-10,32.09.24.2004,Arjawinangun,kecamatan,no,-6.6453,108.4103,Asia/Jakarta,"BMKG point: Arjawinangun, Kecamatan Arjawinangun",10-08-2026,BMKG,BMKG,01:00,2026-08-10 01:00:00,21.0,84.0,0.0,2.9,0.0,1.7493,Cerah Berawan,Cerah Berawan
arjawinangun,"Arjawinangun, Cirebon",2026-08-10,32.09.24.2004,Arjawinangun,kecamatan,no,-6.6453,108.4103,Asia/Jakarta,"BMKG point: Arjawinangun, Kecamatan Arjawinangun",10-08-2026,BMKG,BMKG,02:00,2026-08-10 01:00:00,21.0,84.0,0.0,2.9,60.0,1.312,Cerah Berawan,Cerah Berawan
arjawinangun,"Arjawinangun, Cirebon",2026-08-10,32.09.24.2004,Arjawinangun,kecamatan,no,-6.6453,108.4103,Asia/Jakarta,"BMKG point: Arjawinangun, Kecamatan Arjawinangun",10-08-2026,BMKG,BMKG,03:00,2026-08-10 04:00:00,21.0,85.0,0.0,4.4,60.0,1.312,Cerah Berawan,Cerah Berawan
arjawinangun,"Arjawinangun, Cirebon",2026-08-10,32.09.24.2004,Arjawinangun,kecamatan,no,-6.6453,108.4103,Asia/Jakarta,"BMKG point: Arjawinangun, Kecamatan Arjawinangun",10-08-2026,BMKG,BMKG,04:00,2026-08-10 04:00:00,21.0,85.0,0.0,4.4,0.0,1.7493,Cerah Berawan,Cerah Berawan
arjawinangun,"Arjawinangun, Cirebon",2026-08-10,32.09.24.2004,Arjawinangun,kecamatan,no,-6.6453,108.4103,Asia/Jakarta,"BMKG point: Arjawinangun, Kecamatan Arjawinangun",10-08-2026,BMKG,BMKG,05:00,2026-08-10 04:00:00,21.0,85.0,0.0,4.4,60.0,1.312,Cerah Berawan,Cerah Berawan
arjawinangun,"Arjawinangun, Cirebon",2026-08-10,32.09.24.2004,Arjawinangun,kecamatan,no,-6.6453,108.4103,Asia/Jakarta,"BMKG point: Arjawinangun, Kecamatan Arjawinangun",10-08-2026,BMKG,BMKG,06:00,2026-08-10 07:00:00,26.0,60.0,0.0,4.2,60.0,1.312,Cerah,Cerah
arjawinangun,"Arjawinangun, Cirebon",2026-08-10,32.09.24.2004,Arjawinangun,kecamatan,no,-6.6453,108.4103,Asia/Jakarta,"BMKG point: Arjawinangun, Kecamatan Arjawinangun",10-08-2026,BMKG,BMKG,07:00,2026-08-10 07:00:00,26.0,60.0,0.0,4.2,0.0,1.7493,Cerah,Cerah
arjawinangun,"Arjawinangun, Cirebon",2026-08-10,32.09.24.2004,Arjawinangun,kecamatan,no,-6.6453,108.4103,Asia/Jakarta,"BMKG point: Arjawinangun, Kecamatan Arjawinangun",10-08-2026,BMKG,BMKG,08:00,2026-08-10 07:00:00,26.0,60.0,0.0,4.2,60.0,1.312,Cerah,Cerah
arjawinangun,"Arjawinangun, Cirebon",2026-08-10,32.09.24.2004,Arjawinangun,kecamatan,no,-6.6453,108.4103,Asia/Jakarta,"BMKG point: Arjawinangun, Kecamatan Arjawinangun",10-08-2026,BMKG,BMKG,09:00,2026-08-10 10:00:00,32.0,41.0,0.0,4.1,60.0,1.312,Cerah,Cerah
arjawinangun,"Arjawinangun, Cirebon",2026-08-10,32.09.24.2004,Arjawinangun,kecamatan,no,-6.6453,108.4103,Asia/Jakarta,"BMKG point: Arjawinangun, Kecamatan Arjawinangun",10-08-2026,BMKG,BMKG,10:00,2026-08-10 10:00:00,32.0,41.0,0.0,4.1,0.0,1.7493,Cerah,Cerah
arjawinangun,"Arjawinangun, Cirebon",2026-08-10,32.09.24.2004,Arjawinangun,kecamatan,no,-6.6453,108.4103,Asia/Jakarta,"BMKG point: Arjawinangun, Kecamatan Arjawinangun",10-08-2026,BMKG,BMKG,11:00,2026-08-10 10:00:00,32.0,41.0,0.0,4.1,60.0,1.312,Cerah,Cerah
arjawinangun,"Arjawinangun, Cirebon",2026-08-10,32.09.24.2004,Arjawinangun,kecamatan,no,-6.6453,108.4103,Asia/Jakarta,"BMKG point: Arjawinangun, Kecamatan Arjawinangun",10-08-2026,BMKG,BMKG,12:00,2026-08-10 13:00:00,34.0,38.0,0.0,9.2,60.0,1.312,Cerah,Cerah
arjawinangun,"Arjawinangun, Cirebon",2026-08-10,32.09.24.2004,Arjawinangun,kecamatan,no,-6.6453,108.4103,Asia/Jakarta,"BMKG point: Arjawinangun, Kecamatan Arjawinangun",10-08-2026,BMKG,BMKG,13:00,2026-08-10 13:00:00,34.0,38.0,0.0,9.2,0.0,1.7493,Cerah,Cerah
arjawinangun,"Arjawinangun, Cirebon",2026-08-10,32.09.24.2004,Arjawinangun,kecamatan,no,-6.6453,108.4103,Asia/Jakarta,"BMKG point: Arjawinangun, Kecamatan Arjawinangun",10-08-2026,BMKG,BMKG,14:00,2026-08-10 13:00:00,34.0,38.0,0.0,9.2,60.0,1.312,Cerah,Cerah
arjawinangun,"Arjawinangun, Cirebon",2026-08-10,32.09.24.2004,Arjawinangun,kecamatan,no,-6.6453,108.4103,Asia/Jakarta,"BMKG point: Arjawinangun, Kecamatan Arjawinangun",10-08-2026,BMKG,BMKG,15:00,2026-08-10 16:00:00,30.0,54.0,0.0,12.5,60.0,1.312,Cerah Berawan,Cerah Berawan
arjawinangun,"Arjawinangun, Cirebon",2026-08-10,32.09.24.2004,Arjawinangun,kecamatan,no,-6.6453,108.4103,Asia/Jakarta,"BMKG point: Arjawinangun, Kecamatan Arjawinangun",10-08-2026,BMKG,BMKG,16:00,2026-08-10 16:00:00,30.0,54.0,0.0,12.5,0.0,1.7493,Cerah Berawan,Cerah Berawan
arjawinangun,"Arjawinangun, Cirebon",2026-08-10,32.09.24.2004,Arjawinangun,kecamatan,no,-6.6453,108.4103,Asia/Jakarta,"BMKG point: Arjawinangun, Kecamatan Arjawinangun",10-08-2026,BMKG,BMKG,17:00,2026-08-10 16:00:00,30.0,54.0,0.0,12.5,60.0,1.312,Cerah Berawan,Cerah Berawan
arjawinangun,"Arjawinangun, Cirebon",2026-08-10,32.09.24.2004,Arjawinangun,kecamatan,no,-6.6453,108.4103,Asia/Jakarta,"BMKG point: Arjawinangun, Kecamatan Arjawinangun",10-08-2026,BMKG,BMKG,18:00,2026-08-10 19:00:00,27.0,73.0,0.0,12.8,60.0,1.312,Cerah,Cerah
arjawinangun,"Arjawinangun, Cirebon",2026-08-10,32.09.24.2004,Arjawinangun,kecamatan,no,-6.6453,108.4103,Asia/Jakarta,"BMKG point: Arjawinangun, Kecamatan Arjawinangun",10-08-2026,BMKG,BMKG,19:00,2026-08-10 19:00:00,27.0,73.0,0.0,12.8,0.0,1.7493,Cerah,Cerah
arjawinangun,"Arjawinangun, Cirebon",2026-08-10,32.09.24.2004,Arjawinangun,kecamatan,no,-6.6453,108.4103,Asia/Jakarta,"BMKG point: Arjawinangun, Kecamatan Arjawinangun",10-08-2026,BMKG,BMKG,20:00,2026-08-10 19:00:00,27.0,73.0,0.0,12.8,60.0,1.312,Cerah,Cerah
arjawinangun,"Arjawinangun, Cirebon",2026-08-10,32.09.24.2004,Arjawinangun,kecamatan,no,-6.6453,108.4103,Asia/Jakarta,"BMKG point: Arjawinangun, Kecamatan Arjawinangun",10-08-2026,BMKG,BMKG,21:00,2026-08-10 22:00:00,24.0,78.0,0.0,6.0,60.0,1.312,Berawan,Berawan
arjawinangun,"Arjawinangun, Cirebon",2026-08-10,32.09.24.2004,Arjawinangun,kecamatan,no,-6.6453,108.4103,Asia/Jakarta,"BMKG point: Arjawinangun, Kecamatan Arjawinangun",10-08-2026,BMKG,BMKG,22:00,2026-08-10 22:00:00,24.0,78.0,0.0,6.0,0.0,1.7493,Berawan,Berawan
arjawinangun,"Arjawinangun, Cirebon",2026-08-10,32.09.24.2004,Arjawinangun,kecamatan,no,-6.6453,108.4103,Asia/Jakarta,"BMKG point: Arjawinangun, Kecamatan Arjawinangun",10-08-2026,BMKG,BMKG,23:00,2026-08-10 22:00:00,24.0,78.0,0.0,6.0,60.0,1.312,Berawan,Berawan
arjawinangun,"Arjawinangun, Cirebon",2026-08-10,32.09.24.2004,Arjawinangun,kecamatan,no,-6.6453,108.4103,Asia/Jakarta,"BMKG point: Arjawinangun, Kecamatan Arjawinangun",10-08-2026,METNO,MET Norway,00:00,2026-08-10 00:00:00,24.3,75.1,0.0,8.28,0.0,1.3714,Cerah Berawan,partlycloudy_night
arjawinangun,"Arjawinangun, Cirebon",2026-08-10,32.09.24.2004,Arjawinangun,kecamatan,no,-6.6453,108.4103,Asia/Jakarta,"BMKG point: Arjawinangun, Kecamatan Arjawinangun",10-08-2026,METNO,MET Norway,01:00,2026-08-10 01:00:00,23.7,77.2,0.0,8.28,0.0,1.3714,Cerah Berawan,partlycloudy_night
arjawinangun,"Arjawinangun, Cirebon",2026-08-10,32.09.24.2004,Arjawinangun,kecamatan,no,-6.6453,108.4103,Asia/Jakarta,"BMKG point: Arjawinangun, Kecamatan Arjawinangun",10-08-2026,METNO,MET Norway,02:00,2026-08-10 02:00:00,22.8,80.0,0.0,7.56,0.0,1.3714,Cerah Berawan,partlycloudy_night
arjawinangun,"Arjawinangun, Cirebon",2026-08-10,32.09.24.2004,Arjawinangun,kecamatan,no,-6.6453,108.4103,Asia/Jakarta,"BMKG point: Arjawinangun, Kecamatan Arjawinangun",10-08-2026,METNO,MET Norway,03:00,2026-08-10 03:00:00,22.2,80.8,0.0,6.48,0.0,1.3714,Cerah Berawan,partlycloudy_night
arjawinangun,"Arjawinangun, Cirebon",2026-08-10,32.09.24.2004,Arjawinangun,kecamatan,no,-6.6453,108.4103,Asia/Jakarta,"BMKG point: Arjawinangun, Kecamatan Arjawinangun",10-08-2026,METNO,MET Norway,04:00,2026-08-10 04:00:00,21.9,79.9,0.0,6.48,0.0,1.3714,Cerah Berawan,partlycloudy_night
arjawinangun,"Arjawinangun, Cirebon",2026-08-10,32.09.24.2004,Arjawinangun,kecamatan,no,-6.6453,108.4103,Asia/Jakarta,"BMKG point: Arjawinangun, Kecamatan Arjawinangun",10-08-2026,METNO,MET Norway,05:00,2026-08-10 05:00:00,21.4,81.4,0.0,4.32,0.0,1.3714,Cerah Berawan,partlycloudy_night
arjawinangun,"Arjawinangun, Cirebon",2026-08-10,32.09.24.2004,Arjawinangun,kecamatan,no,-6.6453,108.4103,Asia/Jakarta,"BMKG point: Arjawinangun, Kecamatan Arjawinangun",10-08-2026,METNO,MET Norway,06:00,2026-08-10 06:00:00,21.0,82.5,0.0,4.32,0.0,1.3714,Cerah Berawan,partlycloudy_day
arjawinangun,"Arjawinangun, Cirebon",2026-08-10,32.09.24.2004,Arjawinangun,kecamatan,no,-6.6453,108.4103,Asia/Jakarta,"BMKG point: Arjawinangun, Kecamatan Arjawinangun",10-08-2026,METNO,MET Norway,07:00,2026-08-10 07:00:00,22.8,72.6,0.0,6.84,0.0,1.3714,Cerah Berawan,partlycloudy_day
arjawinangun,"Arjawinangun, Cirebon",2026-08-10,32.09.24.2004,Arjawinangun,kecamatan,no,-6.6453,108.4103,Asia/Jakarta,"BMKG point: Arjawinangun, Kecamatan Arjawinangun",10-08-2026,METNO,MET Norway,08:00,2026-08-10 08:00:00,25.4,63.1,0.0,6.48,0.0,1.3714,Cerah Berawan,fair_day
arjawinangun,"Arjawinangun, Cirebon",2026-08-10,32.09.24.2004,Arjawinangun,kecamatan,no,-6.6453,108.4103,Asia/Jakarta,"BMKG point: Arjawinangun, Kecamatan Arjawinangun",10-08-2026,METNO,MET Norway,09:00,2026-08-10 09:00:00,28.2,52.0,0.0,5.4,0.0,1.3714,Cerah Berawan,fair_day
arjawinangun,"Arjawinangun, Cirebon",2026-08-10,32.09.24.2004,Arjawinangun,kecamatan,no,-6.6453,108.4103,Asia/Jakarta,"BMKG point: Arjawinangun, Kecamatan Arjawinangun",10-08-2026,METNO,MET Norway,10:00,2026-08-10 10:00:00,30.3,44.5,0.0,4.32,0.0,1.3714,Cerah,clearsky_day
arjawinangun,"Arjawinangun, Cirebon",2026-08-10,32.09.24.2004,Arjawinangun,kecamatan,no,-6.6453,108.4103,Asia/Jakarta,"BMKG point: Arjawinangun, Kecamatan Arjawinangun",10-08-2026,METNO,MET Norway,11:00,2026-08-10 11:00:00,31.9,41.4,0.0,9.0,0.0,1.3714,Cerah,clearsky_day
arjawinangun,"Arjawinangun, Cirebon",2026-08-10,32.09.24.2004,Arjawinangun,kecamatan,no,-6.6453,108.4103,Asia/Jakarta,"BMKG point: Arjawinangun, Kecamatan Arjawinangun",10-08-2026,METNO,MET Norway,12:00,2026-08-10 12:00:00,33.1,39.6,0.0,12.96,0.0,1.3714,Cerah,clearsky_day
arjawinangun,"Arjawinangun, Cirebon",2026-08-10,32.09.24.2004,Arjawinangun,kecamatan,no,-6.6453,108.4103,Asia/Jakarta,"BMKG point: Arjawinangun, Kecamatan Arjawinangun",10-08-2026,METNO,MET Norway,13:00,2026-08-10 13:00:00,33.5,39.3,0.0,15.48,0.0,1.3714,Cerah,clearsky_day
arjawinangun,"Arjawinangun, Cirebon",2026-08-10,32.09.24.2004,Arjawinangun,kecamatan,no,-6.6453,108.4103,Asia/Jakarta,"BMKG point: Arjawinangun, Kecamatan Arjawinangun",10-08-2026,METNO,MET Norway,14:00,2026-08-10 14:00:00,33.1,42.0,0.0,15.48,0.0,1.3714,Cerah,clearsky_day
arjawinangun,"Arjawinangun, Cirebon",2026-08-10,32.09.24.2004,Arjawinangun,kecamatan,no,-6.6453,108.4103,Asia/Jakarta,"BMKG point: Arjawinangun, Kecamatan Arjawinangun",10-08-2026,METNO,MET Norway,15:00,2026-08-10 15:00:00,32.4,44.2,0.0,16.2,0.0,1.3714,Cerah,clearsky_day
arjawinangun,"Arjawinangun, Cirebon",2026-08-10,32.09.24.2004,Arjawinangun,kecamatan,no,-6.6453,108.4103,Asia/Jakarta,"BMKG point: Arjawinangun, Kecamatan Arjawinangun",10-08-2026,METNO,MET Norway,16:00,2026-08-10 16:00:00,31.4,48.7,0.0,15.84,0.0,1.3714,Cerah,clearsky_day
arjawinangun,"Arjawinangun, Cirebon",2026-08-10,32.09.24.2004,Arjawinangun,kecamatan,no,-6.6453,108.4103,Asia/Jakarta,"BMKG point: Arjawinangun, Kecamatan Arjawinangun",10-08-2026,METNO,MET Norway,17:00,2026-08-10 17:00:00,29.8,56.6,0.0,14.76,0.0,1.3714,Cerah,clearsky_day
arjawinangun,"Arjawinangun, Cirebon",2026-08-10,32.09.24.2004,Arjawinangun,kecamatan,no,-6.6453,108.4103,Asia/Jakarta,"BMKG point: Arjawinangun, Kecamatan Arjawinangun",10-08-2026,METNO,MET Norway,18:00,2026-08-10 18:00:00,28.0,68.4,0.0,14.04,0.0,1.3714,Cerah,clearsky_night
arjawinangun,"Arjawinangun, Cirebon",2026-08-10,32.09.24.2004,Arjawinangun,kecamatan,no,-6.6453,108.4103,Asia/Jakarta,"BMKG point: Arjawinangun, Kecamatan Arjawinangun",10-08-2026,METNO,MET Norway,19:00,2026-08-10 19:00:00,27.5,74.7,0.0,11.52,0.0,1.3714,Cerah Berawan,partlycloudy_night
arjawinangun,"Arjawinangun, Cirebon",2026-08-10,32.09.24.2004,Arjawinangun,kecamatan,no,-6.6453,108.4103,Asia/Jakarta,"BMKG point: Arjawinangun, Kecamatan Arjawinangun",10-08-2026,METNO,MET Norway,20:00,2026-08-10 20:00:00,27.3,75.2,0.0,11.52,0.0,1.3714,Cerah,clearsky_night
arjawinangun,"Arjawinangun, Cirebon",2026-08-10,32.09.24.2004,Arjawinangun,kecamatan,no,-6.6453,108.4103,Asia/Jakarta,"BMKG point: Arjawinangun, Kecamatan Arjawinangun",10-08-2026,METNO,MET Norway,21:00,2026-08-10 21:00:00,27.1,74.2,0.0,14.76,0.0,1.3714,Cerah,clearsky_night
arjawinangun,"Arjawinangun, Cirebon",2026-08-10,32.09.24.2004,Arjawinangun,kecamatan,no,-6.6453,108.4103,Asia/Jakarta,"BMKG point: Arjawinangun, Kecamatan Arjawinangun",10-08-2026,METNO,MET Norway,22:00,2026-08-10 22:00:00,26.4,75.7,0.0,14.4,0.0,1.3714,Cerah,clearsky_night
arjawinangun,"Arjawinangun, Cirebon",2026-08-10,32.09.24.2004,Arjawinangun,kecamatan,no,-6.6453,108.4103,Asia/Jakarta,"BMKG point: Arjawinangun, Kecamatan Arjawinangun",10-08-2026,METNO,MET Norway,23:00,2026-08-10 23:00:00,25.7,77.7,0.0,14.4,0.0,1.3714,Cerah,clearsky_night
arjawinangun,"Arjawinangun, Cirebon",2026-08-11,32.09.24.2004,Arjawinangun,kecamatan,no,-6.6453,108.4103,Asia/Jakarta,"BMKG point: Arjawinangun, Kecamatan Arjawinangun",11-08-2026,BMKG,BMKG,00:00,2026-08-11 01:00:00,22.0,84.0,0.0,2.8,60.0,1.3295,Cerah Berawan,Cerah Berawan
arjawinangun,"Arjawinangun, Cirebon",2026-08-11,32.09.24.2004,Arjawinangun,kecamatan,no,-6.6453,108.4103,Asia/Jakarta,"BMKG point: Arjawinangun, Kecamatan Arjawinangun",11-08-2026,BMKG,BMKG,01:00,2026-08-11 01:00:00,22.0,84.0,0.0,2.8,0.0,1.7727,Cerah Berawan,Cerah Berawan
arjawinangun,"Arjawinangun, Cirebon",2026-08-11,32.09.24.2004,Arjawinangun,kecamatan,no,-6.6453,108.4103,Asia/Jakarta,"BMKG point: Arjawinangun, Kecamatan Arjawinangun",11-08-2026,BMKG,BMKG,02:00,2026-08-11 01:00:00,22.0,84.0,0.0,2.8,60.0,1.3295,Cerah Berawan,Cerah Berawan
arjawinangun,"Arjawinangun, Cirebon",2026-08-11,32.09.24.2004,Arjawinangun,kecamatan,no,-6.6453,108.4103,Asia/Jakarta,"BMKG point: Arjawinangun, Kecamatan Arjawinangun",11-08-2026,BMKG,BMKG,03:00,2026-08-11 04:00:00,22.0,90.0,0.0,1.7,60.0,1.3295,Cerah Berawan,Cerah Berawan
arjawinangun,"Arjawinangun, Cirebon",2026-08-11,32.09.24.2004,Arjawinangun,kecamatan,no,-6.6453,108.4103,Asia/Jakarta,"BMKG point: Arjawinangun, Kecamatan Arjawinangun",11-08-2026,BMKG,BMKG,04:00,2026-08-11 04:00:00,22.0,90.0,0.0,1.7,0.0,1.7727,Cerah Berawan,Cerah Berawan
arjawinangun,"Arjawinangun, Cirebon",2026-08-11,32.09.24.2004,Arjawinangun,kecamatan,no,-6.6453,108.4103,Asia/Jakarta,"BMKG point: Arjawinangun, Kecamatan Arjawinangun",11-08-2026,BMKG,BMKG,05:00,2026-08-11 04:00:00,22.0,90.0,0.0,1.7,60.0,1.3295,Cerah Berawan,Cerah Berawan
arjawinangun,"Arjawinangun, Cirebon",2026-08-11,32.09.24.2004,Arjawinangun,kecamatan,no,-6.6453,108.4103,Asia/Jakarta,"BMKG point: Arjawinangun, Kecamatan Arjawinangun",11-08-2026,BMKG,BMKG,06:00,2026-08-11 07:00:00,26.0,66.0,0.0,0.4,60.0,1.3295,Cerah Berawan,Cerah Berawan
arjawinangun,"Arjawinangun, Cirebon",2026-08-11,32.09.24.2004,Arjawinangun,kecamatan,no,-6.6453,108.4103,Asia/Jakarta,"BMKG point: Arjawinangun, Kecamatan Arjawinangun",11-08-2026,BMKG,BMKG,07:00,2026-08-11 07:00:00,26.0,66.0,0.0,0.4,0.0,1.7727,Cerah Berawan,Cerah Berawan
arjawinangun,"Arjawinangun, Cirebon",2026-08-11,32.09.24.2004,Arjawinangun,kecamatan,no,-6.6453,108.4103,Asia/Jakarta,"BMKG point: Arjawinangun, Kecamatan Arjawinangun",11-08-2026,BMKG,BMKG,08:00,2026-08-11 07:00:00,26.0,66.0,0.0,0.4,60.0,1.3295,Cerah Berawan,Cerah Berawan
arjawinangun,"Arjawinangun, Cirebon",2026-08-11,32.09.24.2004,Arjawinangun,kecamatan,no,-6.6453,108.4103,Asia/Jakarta,"BMKG point: Arjawinangun, Kecamatan Arjawinangun",11-08-2026,BMKG,BMKG,09:00,2026-08-11 10:00:00,32.0,38.0,0.0,8.9,60.0,1.3295,Cerah,Cerah
arjawinangun,"Arjawinangun, Cirebon",2026-08-11,32.09.24.2004,Arjawinangun,kecamatan,no,-6.6453,108.4103,Asia/Jakarta,"BMKG point: Arjawinangun, Kecamatan Arjawinangun",11-08-2026,BMKG,BMKG,10:00,2026-08-11 10:00:00,32.0,38.0,0.0,8.9,0.0,1.7727,Cerah,Cerah
arjawinangun,"Arjawinangun, Cirebon",2026-08-11,32.09.24.2004,Arjawinangun,kecamatan,no,-6.6453,108.4103,Asia/Jakarta,"BMKG point: Arjawinangun, Kecamatan Arjawinangun",11-08-2026,BMKG,BMKG,11:00,2026-08-11 10:00:00,32.0,38.0,0.0,8.9,60.0,1.3295,Cerah,Cerah
arjawinangun,"Arjawinangun, Cirebon",2026-08-11,32.09.24.2004,Arjawinangun,kecamatan,no,-6.6453,108.4103,Asia/Jakarta,"BMKG point: Arjawinangun, Kecamatan Arjawinangun",11-08-2026,BMKG,BMKG,12:00,2026-08-11 13:00:00,34.0,37.0,0.0,8.9,60.0,1.3295,Cerah,Cerah
arjawinangun,"Arjawinangun, Cirebon",2026-08-11,32.09.24.2004,Arjawinangun,kecamatan,no,-6.6453,108.4103,Asia/Jakarta,"BMKG point: Arjawinangun, Kecamatan Arjawinangun",11-08-2026,BMKG,BMKG,13:00,2026-08-11 13:00:00,34.0,37.0,0.0,8.9,0.0,1.7727,Cerah,Cerah
arjawinangun,"Arjawinangun, Cirebon",2026-08-11,32.09.24.2004,Arjawinangun,kecamatan,no,-6.6453,108.4103,Asia/Jakarta,"BMKG point: Arjawinangun, Kecamatan Arjawinangun",11-08-2026,BMKG,BMKG,14:00,2026-08-11 13:00:00,34.0,37.0,0.0,8.9,60.0,1.3295,Cerah,Cerah
arjawinangun,"Arjawinangun, Cirebon",2026-08-11,32.09.24.2004,Arjawinangun,kecamatan,no,-6.6453,108.4103,Asia/Jakarta,"BMKG point: Arjawinangun, Kecamatan Arjawinangun",11-08-2026,BMKG,BMKG,15:00,2026-08-11 16:00:00,30.0,51.0,0.0,4.4,60.0,1.3295,Cerah,Cerah
arjawinangun,"Arjawinangun, Cirebon",2026-08-11,32.09.24.2004,Arjawinangun,kecamatan,no,-6.6453,108.4103,Asia/Jakarta,"BMKG point: Arjawinangun, Kecamatan Arjawinangun",11-08-2026,BMKG,BMKG,16:00,2026-08-11 16:00:00,30.0,51.0,0.0,4.4,0.0,1.7727,Cerah,Cerah
arjawinangun,"Arjawinangun, Cirebon",2026-08-11,32.09.24.2004,Arjawinangun,kecamatan,no,-6.6453,108.4103,Asia/Jakarta,"BMKG point: Arjawinangun, Kecamatan Arjawinangun",11-08-2026,BMKG,BMKG,17:00,2026-08-11 16:00:00,30.0,51.0,0.0,4.4,60.0,1.3295,Cerah,Cerah
arjawinangun,"Arjawinangun, Cirebon",2026-08-11,32.09.24.2004,Arjawinangun,kecamatan,no,-6.6453,108.4103,Asia/Jakarta,"BMKG point: Arjawinangun, Kecamatan Arjawinangun",11-08-2026,BMKG,BMKG,18:00,2026-08-11 19:00:00,26.0,54.0,0.0,4.4,60.0,1.3295,Cerah,Cerah
arjawinangun,"Arjawinangun, Cirebon",2026-08-11,32.09.24.2004,Arjawinangun,kecamatan,no,-6.6453,108.4103,Asia/Jakarta,"BMKG point: Arjawinangun, Kecamatan Arjawinangun",11-08-2026,BMKG,BMKG,19:00,2026-08-11 19:00:00,26.0,54.0,0.0,4.4,0.0,1.7727,Cerah,Cerah
arjawinangun,"Arjawinangun, Cirebon",2026-08-11,32.09.24.2004,Arjawinangun,kecamatan,no,-6.6453,108.4103,Asia/Jakarta,"BMKG point: Arjawinangun, Kecamatan Arjawinangun",11-08-2026,BMKG,BMKG,20:00,2026-08-11 19:00:00,26.0,54.0,0.0,4.4,60.0,1.3295,Cerah,Cerah
arjawinangun,"Arjawinangun, Cirebon",2026-08-11,32.09.24.2004,Arjawinangun,kecamatan,no,-6.6453,108.4103,Asia/Jakarta,"BMKG point: Arjawinangun, Kecamatan Arjawinangun",11-08-2026,BMKG,BMKG,21:00,2026-08-11 22:00:00,23.0,64.0,0.0,0.4,60.0,1.3295,Cerah,Cerah
arjawinangun,"Arjawinangun, Cirebon",2026-08-11,32.09.24.2004,Arjawinangun,kecamatan,no,-6.6453,108.4103,Asia/Jakarta,"BMKG point: Arjawinangun, Kecamatan Arjawinangun",11-08-2026,BMKG,BMKG,22:00,2026-08-11 22:00:00,23.0,64.0,0.0,0.4,0.0,1.7727,Cerah,Cerah
arjawinangun,"Arjawinangun, Cirebon",2026-08-11,32.09.24.2004,Arjawinangun,kecamatan,no,-6.6453,108.4103,Asia/Jakarta,"BMKG point: Arjawinangun, Kecamatan Arjawinangun",11-08-2026,BMKG,BMKG,23:00,2026-08-11 22:00:00,23.0,64.0,0.0,0.4,60.0,1.3295,Cerah,Cerah
arjawinangun,"Arjawinangun, Cirebon",2026-08-11,32.09.24.2004,Arjawinangun,kecamatan,no,-6.6453,108.4103,Asia/Jakarta,"BMKG point: Arjawinangun, Kecamatan Arjawinangun",11-08-2026,METNO,MET Norway,00:00,2026-08-11 00:00:00,25.0,79.5,0.0,11.88,0.0,1.3899,Cerah,clearsky_night
arjawinangun,"Arjawinangun, Cirebon",2026-08-11,32.09.24.2004,Arjawinangun,kecamatan,no,-6.6453,108.4103,Asia/Jakarta,"BMKG point: Arjawinangun, Kecamatan Arjawinangun",11-08-2026,METNO,MET Norway,01:00,2026-08-11 01:00:00,24.2,81.6,0.0,11.52,0.0,1.3899,Cerah,clearsky_night
arjawinangun,"Arjawinangun, Cirebon",2026-08-11,32.09.24.2004,Arjawinangun,kecamatan,no,-6.6453,108.4103,Asia/Jakarta,"BMKG point: Arjawinangun, Kecamatan Arjawinangun",11-08-2026,METNO,MET Norway,02:00,2026-08-11 02:00:00,23.6,83.4,0.0,11.16,0.0,1.3899,Cerah,clearsky_night
arjawinangun,"Arjawinangun, Cirebon",2026-08-11,32.09.24.2004,Arjawinangun,kecamatan,no,-6.6453,108.4103,Asia/Jakarta,"BMKG point: Arjawinangun, Kecamatan Arjawinangun",11-08-2026,METNO,MET Norway,03:00,2026-08-11 03:00:00,23.1,85.3,0.0,10.08,0.0,1.3899,Cerah,clearsky_night
arjawinangun,"Arjawinangun, Cirebon",2026-08-11,32.09.24.2004,Arjawinangun,kecamatan,no,-6.6453,108.4103,Asia/Jakarta,"BMKG point: Arjawinangun, Kecamatan Arjawinangun",11-08-2026,METNO,MET Norway,04:00,2026-08-11 04:00:00,22.6,87.3,0.0,10.08,0.0,1.3899,Cerah,clearsky_night
arjawinangun,"Arjawinangun, Cirebon",2026-08-11,32.09.24.2004,Arjawinangun,kecamatan,no,-6.6453,108.4103,Asia/Jakarta,"BMKG point: Arjawinangun, Kecamatan Arjawinangun",11-08-2026,METNO,MET Norway,05:00,2026-08-11 05:00:00,22.0,90.7,0.0,9.0,0.0,1.3899,Cerah,clearsky_night
arjawinangun,"Arjawinangun, Cirebon",2026-08-11,32.09.24.2004,Arjawinangun,kecamatan,no,-6.6453,108.4103,Asia/Jakarta,"BMKG point: Arjawinangun, Kecamatan Arjawinangun",11-08-2026,METNO,MET Norway,06:00,2026-08-11 06:00:00,21.4,93.8,0.0,5.76,0.0,1.3899,Cerah,clearsky_day
arjawinangun,"Arjawinangun, Cirebon",2026-08-11,32.09.24.2004,Arjawinangun,kecamatan,no,-6.6453,108.4103,Asia/Jakarta,"BMKG point: Arjawinangun, Kecamatan Arjawinangun",11-08-2026,METNO,MET Norway,07:00,2026-08-11 07:00:00,23.1,84.7,0.0,5.76,0.0,1.3899,Cerah,clearsky_day
arjawinangun,"Arjawinangun, Cirebon",2026-08-11,32.09.24.2004,Arjawinangun,kecamatan,no,-6.6453,108.4103,Asia/Jakarta,"BMKG point: Arjawinangun, Kecamatan Arjawinangun",11-08-2026,METNO,MET Norway,08:00,2026-08-11 08:00:00,25.6,69.7,0.0,5.04,0.0,1.3899,Cerah,clearsky_day
arjawinangun,"Arjawinangun, Cirebon",2026-08-11,32.09.24.2004,Arjawinangun,kecamatan,no,-6.6453,108.4103,Asia/Jakarta,"BMKG point: Arjawinangun, Kecamatan Arjawinangun",11-08-2026,METNO,MET Norway,09:00,2026-08-11 09:00:00,28.0,57.2,0.0,7.56,0.0,1.3899,Cerah,clearsky_day
arjawinangun,"Arjawinangun, Cirebon",2026-08-11,32.09.24.2004,Arjawinangun,kecamatan,no,-6.6453,108.4103,Asia/Jakarta,"BMKG point: Arjawinangun, Kecamatan Arjawinangun",11-08-2026,METNO,MET Norway,10:00,2026-08-11 10:00:00,30.0,49.6,0.0,11.16,0.0,1.3899,Cerah,clearsky_day
arjawinangun,"Arjawinangun, Cirebon",2026-08-11,32.09.24.2004,Arjawinangun,kecamatan,no,-6.6453,108.4103,Asia/Jakarta,"BMKG point: Arjawinangun, Kecamatan Arjawinangun",11-08-2026,METNO,MET Norway,11:00,2026-08-11 11:00:00,31.8,41.9,0.0,16.2,0.0,1.3899,Cerah,clearsky_day
arjawinangun,"Arjawinangun, Cirebon",2026-08-11,32.09.24.2004,Arjawinangun,kecamatan,no,-6.6453,108.4103,Asia/Jakarta,"BMKG point: Arjawinangun, Kecamatan Arjawinangun",11-08-2026,METNO,MET Norway,12:00,2026-08-11 12:00:00,33.3,36.8,0.0,20.88,0.0,1.3899,Cerah,clearsky_day
arjawinangun,"Arjawinangun, Cirebon",2026-08-11,32.09.24.2004,Arjawinangun,kecamatan,no,-6.6453,108.4103,Asia/Jakarta,"BMKG point: Arjawinangun, Kecamatan Arjawinangun",11-08-2026,METNO,MET Norway,13:00,2026-08-11 13:00:00,33.9,35.5,0.0,19.08,0.0,1.3899,Cerah,clearsky_day
arjawinangun,"Arjawinangun, Cirebon",2026-08-11,32.09.24.2004,Arjawinangun,kecamatan,no,-6.6453,108.4103,Asia/Jakarta,"BMKG point: Arjawinangun, Kecamatan Arjawinangun",11-08-2026,METNO,MET Norway,14:00,2026-08-11 14:00:00,33.9,36.5,0.0,17.28,0.0,1.3899,Cerah,clearsky_day
arjawinangun,"Arjawinangun, Cirebon",2026-08-11,32.09.24.2004,Arjawinangun,kecamatan,no,-6.6453,108.4103,Asia/Jakarta,"BMKG point: Arjawinangun, Kecamatan Arjawinangun",11-08-2026,METNO,MET Norway,15:00,2026-08-11 15:00:00,33.1,39.8,0.0,18.72,0.0,1.3899,Cerah,clearsky_day
arjawinangun,"Arjawinangun, Cirebon",2026-08-11,32.09.24.2004,Arjawinangun,kecamatan,no,-6.6453,108.4103,Asia/Jakarta,"BMKG point: Arjawinangun, Kecamatan Arjawinangun",11-08-2026,METNO,MET Norway,16:00,2026-08-11 16:00:00,31.3,48.4,0.0,18.36,0.0,1.3899,Cerah,clearsky_day
arjawinangun,"Arjawinangun, Cirebon",2026-08-11,32.09.24.2004,Arjawinangun,kecamatan,no,-6.6453,108.4103,Asia/Jakarta,"BMKG point: Arjawinangun, Kecamatan Arjawinangun",11-08-2026,METNO,MET Norway,17:00,2026-08-11 17:00:00,29.8,54.4,0.0,18.0,0.0,1.3899,Cerah,clearsky_day
arjawinangun,"Arjawinangun, Cirebon",2026-08-11,32.09.24.2004,Arjawinangun,kecamatan,no,-6.6453,108.4103,Asia/Jakarta,"BMKG point: Arjawinangun, Kecamatan Arjawinangun",11-08-2026,METNO,MET Norway,18:00,2026-08-11 18:00:00,28.5,62.6,0.0,16.2,0.0,1.3899,Cerah,clearsky_night
arjawinangun,"Arjawinangun, Cirebon",2026-08-11,32.09.24.2004,Arjawinangun,kecamatan,no,-6.6453,108.4103,Asia/Jakarta,"BMKG point: Arjawinangun, Kecamatan Arjawinangun",11-08-2026,METNO,MET Norway,19:00,2026-08-11 19:00:00,28.1,65.6,0.0,15.48,0.0,1.3899,Cerah,clearsky_night
arjawinangun,"Arjawinangun, Cirebon",2026-08-11,32.09.24.2004,Arjawinangun,kecamatan,no,-6.6453,108.4103,Asia/Jakarta,"BMKG point: Arjawinangun, Kecamatan Arjawinangun",11-08-2026,METNO,MET Norway,20:00,2026-08-11 20:00:00,27.4,59.7,0.0,18.36,0.0,1.3899,Cerah,clearsky_night
arjawinangun,"Arjawinangun, Cirebon",2026-08-11,32.09.24.2004,Arjawinangun,kecamatan,no,-6.6453,108.4103,Asia/Jakarta,"BMKG point: Arjawinangun, Kecamatan Arjawinangun",11-08-2026,METNO,MET Norway,21:00,2026-08-11 21:00:00,26.3,63.9,0.0,18.72,0.0,1.3899,Cerah,clearsky_night
arjawinangun,"Arjawinangun, Cirebon",2026-08-11,32.09.24.2004,Arjawinangun,kecamatan,no,-6.6453,108.4103,Asia/Jakarta,"BMKG point: Arjawinangun, Kecamatan Arjawinangun",11-08-2026,METNO,MET Norway,22:00,2026-08-11 22:00:00,25.2,67.4,0.0,14.4,0.0,1.3899,Cerah Berawan,fair_night
arjawinangun,"Arjawinangun, Cirebon",2026-08-11,32.09.24.2004,Arjawinangun,kecamatan,no,-6.6453,108.4103,Asia/Jakarta,"BMKG point: Arjawinangun, Kecamatan Arjawinangun",11-08-2026,METNO,MET Norway,23:00,2026-08-11 23:00:00,24.2,70.7,0.0,7.92,0.0,1.3899,Cerah,clearsky_night
