location_slug,location_name,target_date,adm4,bmkg_point_name,area_level,is_proxy_bmkg,latitude,longitude,timezone,location_note,tanggal,source_id,provider,success,base_weight,health_factor,effective_base_weight,points_collected,target_points,http_status,duration_ms,error_content_type,error_snippet,payload_saved_path,error
dago,"Dago, Bandung",2026-08-16,32.73.02.1004,Dago,kelurahan,no,-6.889,107.61,Asia/Jakarta,"BMKG point: Dago, Coblong, Kota Bandung",16-08-2026,BMKG,BMKG,yes,1.6887,0.9897,1.6713,17,24,200,834,,,,
dago,"Dago, Bandung",2026-08-16,32.73.02.1004,Dago,kelurahan,no,-6.889,107.61,Asia/Jakarta,"BMKG point: Dago, Coblong, Kota Bandung",16-08-2026,CMA,Open-Meteo / CMA GRAPES,yes,1.1287,1.0,1.1287,24,24,200,1629,,,,
dago,"Dago, Bandung",2026-08-16,32.73.02.1004,Dago,kelurahan,no,-6.889,107.61,Asia/Jakarta,"BMKG point: Dago, Coblong, Kota Bandung",16-08-2026,ECMWF,Open-Meteo / ECMWF,yes,1.6639,1.0,1.6639,24,24,200,2405,,,,
dago,"Dago, Bandung",2026-08-16,32.73.02.1004,Dago,kelurahan,no,-6.889,107.61,Asia/Jakarta,"BMKG point: Dago, Coblong, Kota Bandung",16-08-2026,GFS,Open-Meteo / NOAA GFS,yes,1.367,1.0,1.367,24,24,200,912,,,,
dago,"Dago, Bandung",2026-08-16,32.73.02.1004,Dago,kelurahan,no,-6.889,107.61,Asia/Jakarta,"BMKG point: Dago, Coblong, Kota Bandung",16-08-2026,ICON,Open-Meteo / DWD ICON,yes,1.4712,1.0,1.4712,24,24,200,639,,,,
dago,"Dago, Bandung",2026-08-16,32.73.02.1004,Dago,kelurahan,no,-6.889,107.61,Asia/Jakarta,"BMKG point: Dago, Coblong, Kota Bandung",16-08-2026,KMA,Open-Meteo / KMA,yes,0.7749,1.0,0.7749,24,24,200,1896,,,,
dago,"Dago, Bandung",2026-08-16,32.73.02.1004,Dago,kelurahan,no,-6.889,107.61,Asia/Jakarta,"BMKG point: Dago, Coblong, Kota Bandung",16-08-2026,METEOFRANCE,Open-Meteo / Meteo-France,yes,1.4939,1.0,1.4939,24,24,200,1842,,,,
dago,"Dago, Bandung",2026-08-16,32.73.02.1004,Dago,kelurahan,no,-6.889,107.61,Asia/Jakarta,"BMKG point: Dago, Coblong, Kota Bandung",16-08-2026,METNO,MET Norway,yes,1.3794,0.9853,1.3591,17,24,200,721,,,,
dago,"Dago, Bandung",2026-08-16,32.73.02.1004,Dago,kelurahan,no,-6.889,107.61,Asia/Jakarta,"BMKG point: Dago, Coblong, Kota Bandung",16-08-2026,UKMO,Open-Meteo / UK Met Office,yes,1.3195,1.0,1.3195,24,24,200,1929,,,,
dago,"Dago, Bandung",2026-08-17,32.73.02.1004,Dago,kelurahan,no,-6.889,107.61,Asia/Jakarta,"BMKG point: Dago, Coblong, Kota Bandung",17-08-2026,BMKG,BMKG,yes,1.6887,0.978,1.6515,24,24,200,50,,,,
dago,"Dago, Bandung",2026-08-17,32.73.02.1004,Dago,kelurahan,no,-6.889,107.61,Asia/Jakarta,"BMKG point: Dago, Coblong, Kota Bandung",17-08-2026,CMA,Open-Meteo / CMA GRAPES,yes,1.1287,1.0,1.1287,24,24,200,1467,,,,
dago,"Dago, Bandung",2026-08-17,32.73.02.1004,Dago,kelurahan,no,-6.889,107.61,Asia/Jakarta,"BMKG point: Dago, Coblong, Kota Bandung",17-08-2026,ECMWF,Open-Meteo / ECMWF,yes,1.6639,1.0,1.6639,24,24,200,2168,,,,
dago,"Dago, Bandung",2026-08-17,32.73.02.1004,Dago,kelurahan,no,-6.889,107.61,Asia/Jakarta,"BMKG point: Dago, Coblong, Kota Bandung",17-08-2026,GFS,Open-Meteo / NOAA GFS,yes,1.367,1.0,1.367,24,24,200,643,,,,
dago,"Dago, Bandung",2026-08-17,32.73.02.1004,Dago,kelurahan,no,-6.889,107.61,Asia/Jakarta,"BMKG point: Dago, Coblong, Kota Bandung",17-08-2026,ICON,Open-Meteo / DWD ICON,yes,1.4712,1.0,1.4712,24,24,200,801,,,,
dago,"Dago, Bandung",2026-08-17,32.73.02.1004,Dago,kelurahan,no,-6.889,107.61,Asia/Jakarta,"BMKG point: Dago, Coblong, Kota Bandung",17-08-2026,KMA,Open-Meteo / KMA,yes,0.7749,1.0,0.7749,24,24,200,882,,,,
dago,"Dago, Bandung",2026-08-17,32.73.02.1004,Dago,kelurahan,no,-6.889,107.61,Asia/Jakarta,"BMKG point: Dago, Coblong, Kota Bandung",17-08-2026,METEOFRANCE,Open-Meteo / Meteo-France,yes,1.4939,1.0,1.4939,24,24,200,969,,,,
dago,"Dago, Bandung",2026-08-17,32.73.02.1004,Dago,kelurahan,no,-6.889,107.61,Asia/Jakarta,"BMKG point: Dago, Coblong, Kota Bandung",17-08-2026,METNO,MET Norway,yes,1.3794,0.9751,1.3451,24,24,200,763,,,,
dago,"Dago, Bandung",2026-08-17,32.73.02.1004,Dago,kelurahan,no,-6.889,107.61,Asia/Jakarta,"BMKG point: Dago, Coblong, Kota Bandung",17-08-2026,UKMO,Open-Meteo / UK Met Office,yes,1.3195,1.0,1.3195,24,24,200,799,,,,
dago,"Dago, Bandung",2026-08-18,32.73.02.1004,Dago,kelurahan,no,-6.889,107.61,Asia/Jakarta,"BMKG point: Dago, Coblong, Kota Bandung",18-08-2026,BMKG,BMKG,yes,1.6887,0.9857,1.6646,24,24,200,37,,,,
dago,"Dago, Bandung",2026-08-18,32.73.02.1004,Dago,kelurahan,no,-6.889,107.61,Asia/Jakarta,"BMKG point: Dago, Coblong, Kota Bandung",18-08-2026,CMA,Open-Meteo / CMA GRAPES,yes,1.1287,1.0,1.1287,24,24,200,912,,,,
dago,"Dago, Bandung",2026-08-18,32.73.02.1004,Dago,kelurahan,no,-6.889,107.61,Asia/Jakarta,"BMKG point: Dago, Coblong, Kota Bandung",18-08-2026,ECMWF,Open-Meteo / ECMWF,yes,1.6639,1.0,1.6639,24,24,200,780,,,,
dago,"Dago, Bandung",2026-08-18,32.73.02.1004,Dago,kelurahan,no,-6.889,107.61,Asia/Jakarta,"BMKG point: Dago, Coblong, Kota Bandung",18-08-2026,GFS,Open-Meteo / NOAA GFS,yes,1.367,1.0,1.367,24,24,200,1406,,,,
dago,"Dago, Bandung",2026-08-18,32.73.02.1004,Dago,kelurahan,no,-6.889,107.61,Asia/Jakarta,"BMKG point: Dago, Coblong, Kota Bandung",18-08-2026,ICON,Open-Meteo / DWD ICON,yes,1.4712,1.0,1.4712,24,24,200,633,,,,
dago,"Dago, Bandung",2026-08-18,32.73.02.1004,Dago,kelurahan,no,-6.889,107.61,Asia/Jakarta,"BMKG point: Dago, Coblong, Kota Bandung",18-08-2026,KMA,Open-Meteo / KMA,yes,0.7749,1.0,0.7749,24,24,200,910,,,,
dago,"Dago, Bandung",2026-08-18,32.73.02.1004,Dago,kelurahan,no,-6.889,107.61,Asia/Jakarta,"BMKG point: Dago, Coblong, Kota Bandung",18-08-2026,METEOFRANCE,Open-Meteo / Meteo-France,yes,1.4939,1.0,1.4939,24,24,200,854,,,,
dago,"Dago, Bandung",2026-08-18,32.73.02.1004,Dago,kelurahan,no,-6.889,107.61,Asia/Jakarta,"BMKG point: Dago, Coblong, Kota Bandung",18-08-2026,METNO,MET Norway,yes,1.3794,0.9838,1.3571,24,24,200,634,,,,
dago,"Dago, Bandung",2026-08-18,32.73.02.1004,Dago,kelurahan,no,-6.889,107.61,Asia/Jakarta,"BMKG point: Dago, Coblong, Kota Bandung",18-08-2026,UKMO,Open-Meteo / UK Met Office,yes,1.3195,1.0,1.3195,24,24,200,958,,,,
jatinangor,"Jatinangor, Sumedang",2026-08-16,32.11.15.2002,Hegarmanah,kecamatan,yes,-6.938,107.7556,Asia/Jakarta,"BMKG representative point: Hegarmanah, Kecamatan Jatinangor",16-08-2026,BMKG,BMKG,yes,1.8111,0.9897,1.7924,17,24,200,703,,,,
jatinangor,"Jatinangor, Sumedang",2026-08-16,32.11.15.2002,Hegarmanah,kecamatan,yes,-6.938,107.7556,Asia/Jakarta,"BMKG representative point: Hegarmanah, Kecamatan Jatinangor",16-08-2026,CMA,Open-Meteo / CMA GRAPES,yes,1.1484,1.0,1.1484,24,24,200,631,,,,
jatinangor,"Jatinangor, Sumedang",2026-08-16,32.11.15.2002,Hegarmanah,kecamatan,yes,-6.938,107.7556,Asia/Jakarta,"BMKG representative point: Hegarmanah, Kecamatan Jatinangor",16-08-2026,ECMWF,Open-Meteo / ECMWF,yes,1.7353,1.0,1.7353,24,24,200,625,,,,
jatinangor,"Jatinangor, Sumedang",2026-08-16,32.11.15.2002,Hegarmanah,kecamatan,yes,-6.938,107.7556,Asia/Jakarta,"BMKG representative point: Hegarmanah, Kecamatan Jatinangor",16-08-2026,GFS,Open-Meteo / NOAA GFS,yes,1.3877,1.0,1.3877,24,24,200,614,,,,
jatinangor,"Jatinangor, Sumedang",2026-08-16,32.11.15.2002,Hegarmanah,kecamatan,yes,-6.938,107.7556,Asia/Jakarta,"BMKG representative point: Hegarmanah, Kecamatan Jatinangor",16-08-2026,ICON,Open-Meteo / DWD ICON,yes,1.4798,1.0,1.4798,24,24,200,808,,,,
jatinangor,"Jatinangor, Sumedang",2026-08-16,32.11.15.2002,Hegarmanah,kecamatan,yes,-6.938,107.7556,Asia/Jakarta,"BMKG representative point: Hegarmanah, Kecamatan Jatinangor",16-08-2026,KMA,Open-Meteo / KMA,yes,0.7879,1.0,0.7879,24,24,200,618,,,,
jatinangor,"Jatinangor, Sumedang",2026-08-16,32.11.15.2002,Hegarmanah,kecamatan,yes,-6.938,107.7556,Asia/Jakarta,"BMKG representative point: Hegarmanah, Kecamatan Jatinangor",16-08-2026,METEOFRANCE,Open-Meteo / Meteo-France,yes,1.4794,1.0,1.4794,24,24,200,608,,,,
jatinangor,"Jatinangor, Sumedang",2026-08-16,32.11.15.2002,Hegarmanah,kecamatan,yes,-6.938,107.7556,Asia/Jakarta,"BMKG representative point: Hegarmanah, Kecamatan Jatinangor",16-08-2026,METNO,MET Norway,yes,1.4111,0.9853,1.3904,17,24,200,674,,,,
jatinangor,"Jatinangor, Sumedang",2026-08-16,32.11.15.2002,Hegarmanah,kecamatan,yes,-6.938,107.7556,Asia/Jakarta,"BMKG representative point: Hegarmanah, Kecamatan Jatinangor",16-08-2026,UKMO,Open-Meteo / UK Met Office,yes,1.3285,1.0,1.3285,24,24,200,615,,,,
jatinangor,"Jatinangor, Sumedang",2026-08-17,32.11.15.2002,Hegarmanah,kecamatan,yes,-6.938,107.7556,Asia/Jakarta,"BMKG representative point: Hegarmanah, Kecamatan Jatinangor",17-08-2026,BMKG,BMKG,yes,1.8111,0.978,1.7713,24,24,200,38,,,,
jatinangor,"Jatinangor, Sumedang",2026-08-17,32.11.15.2002,Hegarmanah,kecamatan,yes,-6.938,107.7556,Asia/Jakarta,"BMKG representative point: Hegarmanah, Kecamatan Jatinangor",17-08-2026,CMA,Open-Meteo / CMA GRAPES,yes,1.1484,1.0,1.1484,24,24,200,634,,,,
jatinangor,"Jatinangor, Sumedang",2026-08-17,32.11.15.2002,Hegarmanah,kecamatan,yes,-6.938,107.7556,Asia/Jakarta,"BMKG representative point: Hegarmanah, Kecamatan Jatinangor",17-08-2026,ECMWF,Open-Meteo / ECMWF,yes,1.7353,1.0,1.7353,24,24,200,627,,,,
jatinangor,"Jatinangor, Sumedang",2026-08-17,32.11.15.2002,Hegarmanah,kecamatan,yes,-6.938,107.7556,Asia/Jakarta,"BMKG representative point: Hegarmanah, Kecamatan Jatinangor",17-08-2026,GFS,Open-Meteo / NOAA GFS,yes,1.3877,1.0,1.3877,24,24,200,619,,,,
jatinangor,"Jatinangor, Sumedang",2026-08-17,32.11.15.2002,Hegarmanah,kecamatan,yes,-6.938,107.7556,Asia/Jakarta,"BMKG representative point: Hegarmanah, Kecamatan Jatinangor",17-08-2026,ICON,Open-Meteo / DWD ICON,yes,1.4798,1.0,1.4798,24,24,200,776,,,,
jatinangor,"Jatinangor, Sumedang",2026-08-17,32.11.15.2002,Hegarmanah,kecamatan,yes,-6.938,107.7556,Asia/Jakarta,"BMKG representative point: Hegarmanah, Kecamatan Jatinangor",17-08-2026,KMA,Open-Meteo / KMA,yes,0.7879,1.0,0.7879,24,24,200,634,,,,
jatinangor,"Jatinangor, Sumedang",2026-08-17,32.11.15.2002,Hegarmanah,kecamatan,yes,-6.938,107.7556,Asia/Jakarta,"BMKG representative point: Hegarmanah, Kecamatan Jatinangor",17-08-2026,METEOFRANCE,Open-Meteo / Meteo-France,yes,1.4794,1.0,1.4794,24,24,200,629,,,,
jatinangor,"Jatinangor, Sumedang",2026-08-17,32.11.15.2002,Hegarmanah,kecamatan,yes,-6.938,107.7556,Asia/Jakarta,"BMKG representative point: Hegarmanah, Kecamatan Jatinangor",17-08-2026,METNO,MET Norway,yes,1.4111,0.9751,1.376,24,24,200,455,,,,
jatinangor,"Jatinangor, Sumedang",2026-08-17,32.11.15.2002,Hegarmanah,kecamatan,yes,-6.938,107.7556,Asia/Jakarta,"BMKG representative point: Hegarmanah, Kecamatan Jatinangor",17-08-2026,UKMO,Open-Meteo / UK Met Office,yes,1.3285,1.0,1.3285,24,24,200,619,,,,
jatinangor,"Jatinangor, Sumedang",2026-08-18,32.11.15.2002,Hegarmanah,kecamatan,yes,-6.938,107.7556,Asia/Jakarta,"BMKG representative point: Hegarmanah, Kecamatan Jatinangor",18-08-2026,BMKG,BMKG,yes,1.8111,0.9857,1.7852,24,24,200,33,,,,
jatinangor,"Jatinangor, Sumedang",2026-08-18,32.11.15.2002,Hegarmanah,kecamatan,yes,-6.938,107.7556,Asia/Jakarta,"BMKG representative point: Hegarmanah, Kecamatan Jatinangor",18-08-2026,CMA,Open-Meteo / CMA GRAPES,yes,1.1484,1.0,1.1484,24,24,200,780,,,,
jatinangor,"Jatinangor, Sumedang",2026-08-18,32.11.15.2002,Hegarmanah,kecamatan,yes,-6.938,107.7556,Asia/Jakarta,"BMKG representative point: Hegarmanah, Kecamatan Jatinangor",18-08-2026,ECMWF,Open-Meteo / ECMWF,yes,1.7353,1.0,1.7353,24,24,200,660,,,,
jatinangor,"Jatinangor, Sumedang",2026-08-18,32.11.15.2002,Hegarmanah,kecamatan,yes,-6.938,107.7556,Asia/Jakarta,"BMKG representative point: Hegarmanah, Kecamatan Jatinangor",18-08-2026,GFS,Open-Meteo / NOAA GFS,yes,1.3877,1.0,1.3877,24,24,200,790,,,,
jatinangor,"Jatinangor, Sumedang",2026-08-18,32.11.15.2002,Hegarmanah,kecamatan,yes,-6.938,107.7556,Asia/Jakarta,"BMKG representative point: Hegarmanah, Kecamatan Jatinangor",18-08-2026,ICON,Open-Meteo / DWD ICON,yes,1.4798,1.0,1.4798,24,24,200,618,,,,
jatinangor,"Jatinangor, Sumedang",2026-08-18,32.11.15.2002,Hegarmanah,kecamatan,yes,-6.938,107.7556,Asia/Jakarta,"BMKG representative point: Hegarmanah, Kecamatan Jatinangor",18-08-2026,KMA,Open-Meteo / KMA,yes,0.7879,1.0,0.7879,24,24,200,633,,,,
jatinangor,"Jatinangor, Sumedang",2026-08-18,32.11.15.2002,Hegarmanah,kecamatan,yes,-6.938,107.7556,Asia/Jakarta,"BMKG representative point: Hegarmanah, Kecamatan Jatinangor",18-08-2026,METEOFRANCE,Open-Meteo / Meteo-France,yes,1.4794,1.0,1.4794,24,24,200,831,,,,
jatinangor,"Jatinangor, Sumedang",2026-08-18,32.11.15.2002,Hegarmanah,kecamatan,yes,-6.938,107.7556,Asia/Jakarta,"BMKG representative point: Hegarmanah, Kecamatan Jatinangor",18-08-2026,METNO,MET Norway,yes,1.4111,0.9838,1.3882,24,24,200,921,,,,
jatinangor,"Jatinangor, Sumedang",2026-08-18,32.11.15.2002,Hegarmanah,kecamatan,yes,-6.938,107.7556,Asia/Jakarta,"BMKG representative point: Hegarmanah, Kecamatan Jatinangor",18-08-2026,UKMO,Open-Meteo / UK Met Office,yes,1.3285,1.0,1.3285,24,24,200,780,,,,
arjawinangun,"Arjawinangun, Cirebon",2026-08-16,32.09.24.2004,Arjawinangun,kecamatan,no,-6.6453,108.4103,Asia/Jakarta,"BMKG point: Arjawinangun, Kecamatan Arjawinangun",16-08-2026,BMKG,BMKG,yes,1.8449,0.9897,1.8259,17,24,200,683,,,,
arjawinangun,"Arjawinangun, Cirebon",2026-08-16,32.09.24.2004,Arjawinangun,kecamatan,no,-6.6453,108.4103,Asia/Jakarta,"BMKG point: Arjawinangun, Kecamatan Arjawinangun",16-08-2026,CMA,Open-Meteo / CMA GRAPES,yes,1.1768,1.0,1.1768,24,24,200,634,,,,
arjawinangun,"Arjawinangun, Cirebon",2026-08-16,32.09.24.2004,Arjawinangun,kecamatan,no,-6.6453,108.4103,Asia/Jakarta,"BMKG point: Arjawinangun, Kecamatan Arjawinangun",16-08-2026,ECMWF,Open-Meteo / ECMWF,yes,1.7166,1.0,1.7166,24,24,200,640,,,,
arjawinangun,"Arjawinangun, Cirebon",2026-08-16,32.09.24.2004,Arjawinangun,kecamatan,no,-6.6453,108.4103,Asia/Jakarta,"BMKG point: Arjawinangun, Kecamatan Arjawinangun",16-08-2026,GFS,Open-Meteo / NOAA GFS,yes,1.4009,1.0,1.4009,24,24,200,641,,,,
arjawinangun,"Arjawinangun, Cirebon",2026-08-16,32.09.24.2004,Arjawinangun,kecamatan,no,-6.6453,108.4103,Asia/Jakarta,"BMKG point: Arjawinangun, Kecamatan Arjawinangun",16-08-2026,ICON,Open-Meteo / DWD ICON,yes,1.4728,1.0,1.4728,24,24,200,786,,,,
arjawinangun,"Arjawinangun, Cirebon",2026-08-16,32.09.24.2004,Arjawinangun,kecamatan,no,-6.6453,108.4103,Asia/Jakarta,"BMKG point: Arjawinangun, Kecamatan Arjawinangun",16-08-2026,KMA,Open-Meteo / KMA,yes,0.7774,1.0,0.7774,24,24,200,781,,,,
arjawinangun,"Arjawinangun, Cirebon",2026-08-16,32.09.24.2004,Arjawinangun,kecamatan,no,-6.6453,108.4103,Asia/Jakarta,"BMKG point: Arjawinangun, Kecamatan Arjawinangun",16-08-2026,METEOFRANCE,Open-Meteo / Meteo-France,yes,1.5442,1.0,1.5442,24,24,200,639,,,,
arjawinangun,"Arjawinangun, Cirebon",2026-08-16,32.09.24.2004,Arjawinangun,kecamatan,no,-6.6453,108.4103,Asia/Jakarta,"BMKG point: Arjawinangun, Kecamatan Arjawinangun",16-08-2026,METNO,MET Norway,yes,1.4288,0.9853,1.4078,17,24,200,665,,,,
arjawinangun,"Arjawinangun, Cirebon",2026-08-16,32.09.24.2004,Arjawinangun,kecamatan,no,-6.6453,108.4103,Asia/Jakarta,"BMKG point: Arjawinangun, Kecamatan Arjawinangun",16-08-2026,UKMO,Open-Meteo / UK Met Office,yes,1.323,1.0,1.323,24,24,200,637,,,,
arjawinangun,"Arjawinangun, Cirebon",2026-08-17,32.09.24.2004,Arjawinangun,kecamatan,no,-6.6453,108.4103,Asia/Jakarta,"BMKG point: Arjawinangun, Kecamatan Arjawinangun",17-08-2026,BMKG,BMKG,yes,1.8449,0.978,1.8043,24,24,200,35,,,,
arjawinangun,"Arjawinangun, Cirebon",2026-08-17,32.09.24.2004,Arjawinangun,kecamatan,no,-6.6453,108.4103,Asia/Jakarta,"BMKG point: Arjawinangun, Kecamatan Arjawinangun",17-08-2026,CMA,Open-Meteo / CMA GRAPES,yes,1.1768,1.0,1.1768,24,24,200,624,,,,
arjawinangun,"Arjawinangun, Cirebon",2026-08-17,32.09.24.2004,Arjawinangun,kecamatan,no,-6.6453,108.4103,Asia/Jakarta,"BMKG point: Arjawinangun, Kecamatan Arjawinangun",17-08-2026,ECMWF,Open-Meteo / ECMWF,yes,1.7166,1.0,1.7166,24,24,200,633,,,,
arjawinangun,"Arjawinangun, Cirebon",2026-08-17,32.09.24.2004,Arjawinangun,kecamatan,no,-6.6453,108.4103,Asia/Jakarta,"BMKG point: Arjawinangun, Kecamatan Arjawinangun",17-08-2026,GFS,Open-Meteo / NOAA GFS,yes,1.4009,1.0,1.4009,24,24,200,637,,,,
arjawinangun,"Arjawinangun, Cirebon",2026-08-17,32.09.24.2004,Arjawinangun,kecamatan,no,-6.6453,108.4103,Asia/Jakarta,"BMKG point: Arjawinangun, Kecamatan Arjawinangun",17-08-2026,ICON,Open-Meteo / DWD ICON,yes,1.4728,1.0,1.4728,24,24,200,625,,,,
arjawinangun,"Arjawinangun, Cirebon",2026-08-17,32.09.24.2004,Arjawinangun,kecamatan,no,-6.6453,108.4103,Asia/Jakarta,"BMKG point: Arjawinangun, Kecamatan Arjawinangun",17-08-2026,KMA,Open-Meteo / KMA,yes,0.7774,1.0,0.7774,24,24,200,618,,,,
arjawinangun,"Arjawinangun, Cirebon",2026-08-17,32.09.24.2004,Arjawinangun,kecamatan,no,-6.6453,108.4103,Asia/Jakarta,"BMKG point: Arjawinangun, Kecamatan Arjawinangun",17-08-2026,METEOFRANCE,Open-Meteo / Meteo-France,yes,1.5442,1.0,1.5442,24,24,200,636,,,,
arjawinangun,"Arjawinangun, Cirebon",2026-08-17,32.09.24.2004,Arjawinangun,kecamatan,no,-6.6453,108.4103,Asia/Jakarta,"BMKG point: Arjawinangun, Kecamatan Arjawinangun",17-08-2026,METNO,MET Norway,yes,1.4288,0.9751,1.3932,24,24,200,632,,,,
arjawinangun,"Arjawinangun, Cirebon",2026-08-17,32.09.24.2004,Arjawinangun,kecamatan,no,-6.6453,108.4103,Asia/Jakarta,"BMKG point: Arjawinangun, Kecamatan Arjawinangun",17-08-2026,UKMO,Open-Meteo / UK Met Office,yes,1.323,1.0,1.323,24,24,200,624,,,,
arjawinangun,"Arjawinangun, Cirebon",2026-08-18,32.09.24.2004,Arjawinangun,kecamatan,no,-6.6453,108.4103,Asia/Jakarta,"BMKG point: Arjawinangun, Kecamatan Arjawinangun",18-08-2026,BMKG,BMKG,yes,1.8449,0.9857,1.8185,24,24,200,31,,,,
arjawinangun,"Arjawinangun, Cirebon",2026-08-18,32.09.24.2004,Arjawinangun,kecamatan,no,-6.6453,108.4103,Asia/Jakarta,"BMKG point: Arjawinangun, Kecamatan Arjawinangun",18-08-2026,CMA,Open-Meteo / CMA GRAPES,yes,1.1768,1.0,1.1768,24,24,200,618,,,,
arjawinangun,"Arjawinangun, Cirebon",2026-08-18,32.09.24.2004,Arjawinangun,kecamatan,no,-6.6453,108.4103,Asia/Jakarta,"BMKG point: Arjawinangun, Kecamatan Arjawinangun",18-08-2026,ECMWF,Open-Meteo / ECMWF,yes,1.7166,1.0,1.7166,24,24,200,624,,,,
arjawinangun,"Arjawinangun, Cirebon",2026-08-18,32.09.24.2004,Arjawinangun,kecamatan,no,-6.6453,108.4103,Asia/Jakarta,"BMKG point: Arjawinangun, Kecamatan Arjawinangun",18-08-2026,GFS,Open-Meteo / NOAA GFS,yes,1.4009,1.0,1.4009,24,24,200,633,,,,
arjawinangun,"Arjawinangun, Cirebon",2026-08-18,32.09.24.2004,Arjawinangun,kecamatan,no,-6.6453,108.4103,Asia/Jakarta,"BMKG point: Arjawinangun, Kecamatan Arjawinangun",18-08-2026,ICON,Open-Meteo / DWD ICON,yes,1.4728,1.0,1.4728,24,24,200,633,,,,
arjawinangun,"Arjawinangun, Cirebon",2026-08-18,32.09.24.2004,Arjawinangun,kecamatan,no,-6.6453,108.4103,Asia/Jakarta,"BMKG point: Arjawinangun, Kecamatan Arjawinangun",18-08-2026,KMA,Open-Meteo / KMA,yes,0.7774,1.0,0.7774,24,24,200,623,,,,
arjawinangun,"Arjawinangun, Cirebon",2026-08-18,32.09.24.2004,Arjawinangun,kecamatan,no,-6.6453,108.4103,Asia/Jakarta,"BMKG point: Arjawinangun, Kecamatan Arjawinangun",18-08-2026,METEOFRANCE,Open-Meteo / Meteo-France,yes,1.5442,1.0,1.5442,24,24,200,619,,,,
arjawinangun,"Arjawinangun, Cirebon",2026-08-18,32.09.24.2004,Arjawinangun,kecamatan,no,-6.6453,108.4103,Asia/Jakarta,"BMKG point: Arjawinangun, Kecamatan Arjawinangun",18-08-2026,METNO,MET Norway,yes,1.4288,0.9838,1.4057,24,24,200,612,,,,
arjawinangun,"Arjawinangun, Cirebon",2026-08-18,32.09.24.2004,Arjawinangun,kecamatan,no,-6.6453,108.4103,Asia/Jakarta,"BMKG point: Arjawinangun, Kecamatan Arjawinangun",18-08-2026,UKMO,Open-Meteo / UK Met Office,yes,1.323,1.0,1.323,24,24,200,619,,,,
