date,day_tag,hour,condition,temp_c,humidity_pct,heat_index_c,rain_probability,wind_kmh,risk,risk_class
2026-06-14,Lusa,00:00,—,21.8,88.0,21.8,25.0,2.5,rendah,green
2026-06-14,Lusa,03:00,—,21.1,89.0,21.1,14.0,3.2,rendah,green
2026-06-14,Lusa,06:00,—,20.9,90.0,20.9,14.0,3.6,rendah,green
2026-06-14,Lusa,09:00,—,24.6,77.0,24.6,0.0,4.3,rendah,green
2026-06-14,Lusa,12:00,—,27.0,65.0,27.8,0.0,6.7,rendah,green
2026-06-14,Lusa,14:00,—,27.1,64.0,28.2,36.0,7.9,sedang,yellow
2026-06-14,Lusa,15:00,—,26.4,69.0,26.4,36.0,6.8,sedang,yellow
2026-06-14,Lusa,18:00,—,22.4,86.0,22.4,23.0,3.0,rendah,green
2026-06-14,Lusa,21:00,—,21.9,92.0,21.9,0.0,2.7,rendah,green
