tanggal,source_id,provider,success,base_weight,health_factor,effective_base_weight,points_collected,target_points,http_status,duration_ms,error_content_type,error_snippet,payload_saved_path,error
23-06-2026,BMKG,BMKG,yes,1.8099,0.9763,1.767,24,24,200,17,,,,
23-06-2026,CMA,Open-Meteo / CMA GRAPES,yes,1.1568,1.0,1.1568,24,24,200,442,,,,
23-06-2026,ECMWF,Open-Meteo / ECMWF,yes,1.7099,1.0,1.7099,24,24,200,451,,,,
23-06-2026,GFS,Open-Meteo / NOAA GFS,yes,1.3698,1.0,1.3698,24,24,200,446,,,,
23-06-2026,ICON,Open-Meteo / DWD ICON,yes,1.4652,1.0,1.4652,24,24,200,452,,,,
23-06-2026,KMA,Open-Meteo / KMA,yes,0.7886,1.0,0.7886,24,24,200,480,,,,
23-06-2026,METEOFRANCE,Open-Meteo / Meteo-France,yes,1.4831,1.0,1.4831,24,24,200,465,,,,
23-06-2026,METNO,MET Norway,yes,1.4022,0.9763,1.369,24,24,200,331,,,,
23-06-2026,UKMO,Open-Meteo / UK Met Office,yes,1.3367,1.0,1.3367,24,24,200,491,,,,
