jam,cuaca,suhu_C,kelembapan_RH_pct,heat_index_C,terasa_seperti_C,dew_point_C,tekanan_udara_hpa,peluang_hujan_pct,curah_hujan_p50_mm,curah_hujan_p90_mm,angin_kmh,hembusan_angin_p90_kmh,arah_angin_derajat,tutupan_awan_pct,jarak_pandang_p10_m,indeks_uv,risiko_hujan,saran
00:00,Cerah,25.9,71.0,25.9,28.3,20.4,1012.6,0.5,0.0,0.0,4.3,31.7,158.0,12.0,19740.0,0.0,low,Risiko relatif terkendali; keputusan normal masih masuk akal dengan pemantauan berkala.
01:00,Cerah Berawan,25.4,73.0,25.4,28.0,20.3,1011.9,0.5,0.0,0.0,4.3,31.0,162.0,13.0,19620.0,0.0,low,Risiko relatif terkendali; keputusan normal masih masuk akal dengan pemantauan berkala.
02:00,Cerah Berawan,24.9,74.0,24.9,27.7,20.3,1011.5,0.0,0.0,0.0,4.5,30.6,155.0,8.0,23080.0,0.0,low,Risiko relatif terkendali; keputusan normal masih masuk akal dengan pemantauan berkala.
03:00,Cerah Berawan,24.4,75.0,24.4,27.5,20.1,1011.4,0.0,0.0,0.0,4.0,31.0,148.0,7.0,23980.0,0.0,low,Risiko relatif terkendali; keputusan normal masih masuk akal dengan pemantauan berkala.
04:00,Cerah Berawan,24.3,76.0,24.3,27.4,20.1,1011.4,0.0,0.0,0.0,4.0,31.0,147.0,7.0,23680.0,0.0,low,Risiko relatif terkendali; keputusan normal masih masuk akal dengan pemantauan berkala.
05:00,Cerah,24.5,77.0,24.5,27.4,20.3,1011.9,0.0,0.0,0.0,3.6,30.2,156.0,40.0,22340.0,0.0,low,Risiko relatif terkendali; keputusan normal masih masuk akal dengan pemantauan berkala.
06:00,Cerah,24.8,75.8,24.8,27.6,20.3,1012.5,0.0,0.0,0.0,3.3,29.2,158.0,39.0,21940.0,0.0,low,Risiko relatif terkendali; keputusan normal masih masuk akal dengan pemantauan berkala.
07:00,Cerah,26.2,70.0,26.2,29.1,20.5,1013.0,0.0,0.0,0.0,3.2,28.8,177.0,31.0,24120.0,0.7,low,"Window relatif baik untuk aktivitas luar ruang, tetapi tetap cek update menjelang siang."
08:00,Cerah Berawan,28.3,63.0,30.0,31.8,20.5,1013.2,0.0,0.0,0.0,4.1,29.2,194.0,9.0,24140.0,2.5,low,"Window relatif baik untuk aktivitas luar ruang, tetapi tetap cek update menjelang siang."
09:00,Cerah Berawan,30.7,54.0,32.73,34.6,20.3,1013.1,0.0,0.0,0.0,8.3,30.2,126.0,9.0,24140.0,4.8,low,"Window relatif baik untuk aktivitas luar ruang, tetapi tetap cek update menjelang siang."
10:00,Cerah Berawan,32.5,45.0,34.61,37.1,19.8,1012.6,0.0,0.0,0.0,9.3,31.3,116.0,30.0,24140.0,6.8,low,"Window relatif baik untuk aktivitas luar ruang, tetapi tetap cek update menjelang siang."
11:00,Cerah Berawan,34.0,45.0,35.69,39.0,19.8,1011.6,0.0,0.0,0.0,12.4,32.0,104.0,33.0,24140.0,8.3,low,"Window relatif baik untuk aktivitas luar ruang, tetapi tetap cek update menjelang siang."
12:00,Cerah Berawan,34.9,42.0,35.92,39.9,19.8,1010.5,0.5,0.0,0.0,14.3,32.8,92.0,22.0,24140.0,9.0,low,Risiko relatif terkendali; keputusan normal masih masuk akal dengan pemantauan berkala.
13:00,Cerah Berawan,34.0,41.0,36.13,39.7,19.9,1009.5,1.0,0.0,0.0,16.0,33.8,81.0,39.0,24140.0,8.8,low,Risiko relatif terkendali; keputusan normal masih masuk akal dengan pemantauan berkala.
14:00,Cerah Berawan,34.0,43.0,36.23,38.4,20.1,1009.0,13.9,0.0,0.2,17.6,36.7,71.0,33.0,24140.0,7.6,low,Risiko relatif terkendali; keputusan normal masih masuk akal dengan pemantauan berkala.
15:00,Cerah Berawan,32.6,48.0,34.83,36.4,20.3,1008.6,14.4,0.0,0.2,16.92,39.6,61.0,27.0,24140.0,5.8,low,Risiko relatif terkendali; keputusan normal masih masuk akal dengan pemantauan berkala.
16:00,Cerah Berawan,31.3,52.0,33.89,34.7,20.9,1008.8,13.9,0.0,0.2,14.76,39.6,56.0,31.0,24140.0,3.5,low,Risiko relatif terkendali; keputusan normal masih masuk akal dengan pemantauan berkala.
17:00,Cerah Berawan,30.7,58.5,33.68,33.1,21.4,1009.4,0.6,0.0,0.0,14.76,33.5,59.0,29.0,24140.0,1.4,low,Risiko relatif terkendali; keputusan normal masih masuk akal dengan pemantauan berkala.
18:00,Cerah Berawan,28.9,66.6,32.33,32.2,21.8,1010.2,0.3,0.0,0.0,10.3,32.0,68.0,21.0,24140.0,0.1,low,Risiko relatif terkendali; keputusan normal masih masuk akal dengan pemantauan berkala.
19:00,Cerah Berawan,28.6,70.2,31.14,31.8,22.0,1011.1,0.4,0.0,0.0,8.1,31.7,84.0,25.0,24140.0,0.0,low,Risiko relatif terkendali; keputusan normal masih masuk akal dengan pemantauan berkala.
20:00,Cerah Berawan,27.7,72.0,30.34,31.7,22.2,1011.8,0.4,0.0,0.0,5.7,29.5,102.0,42.0,24140.0,0.0,low,Risiko relatif terkendali; keputusan normal masih masuk akal dengan pemantauan berkala.
21:00,Cerah Berawan,27.4,73.0,29.86,31.3,22.3,1012.4,0.4,0.0,0.0,3.6,25.9,111.0,57.0,24140.0,0.0,low,Risiko relatif terkendali; keputusan normal masih masuk akal dengan pemantauan berkala.
22:00,Cerah Berawan,27.0,73.0,29.2,30.9,22.2,1012.7,0.9,0.0,0.0,3.4,22.3,129.0,53.0,24140.0,0.0,low,Risiko relatif terkendali; keputusan normal masih masuk akal dengan pemantauan berkala.
23:00,Cerah Berawan,26.6,76.0,26.6,30.5,21.9,1012.5,0.8,0.0,0.0,3.6,19.1,144.0,11.0,24140.0,0.0,low,Risiko relatif terkendali; keputusan normal masih masuk akal dengan pemantauan berkala.
